"Date","Windows","iOS","OS X","Android","Unknown","Linux","Chrome OS","macOS","Samsung","SymbianOS","Playstation","BlackBerry OS","Series 40","Xbox","Nokia Unknown","Other"
2009-01,91.11,0.42,7.15,0,0.38,0.69,0,0,0,0.14,0.09,0,0,0,0,0.02
2009-02,90.82,0.41,7.51,0,0.29,0.73,0,0,0,0.13,0.09,0.01,0,0,0,0.02
2009-03,90.54,0.51,7.69,0,0.32,0.7,0,0,0,0.14,0.08,0.01,0,0,0,0.01
2009-04,90.22,0.57,7.9,0,0.34,0.7,0,0,0,0.15,0.09,0.01,0,0,0,0.02
2009-05,89.76,0.59,8.22,0,0.44,0.71,0,0,0,0.16,0.09,0.01,0,0,0,0.01
2009-06,89.27,0.55,8.71,0,0.46,0.75,0,0,0,0.16,0.09,0.01,0,0,0,0.01
2009-07,89.67,0.61,8.34,0,0.26,0.79,0,0,0,0.15,0.11,0.04,0,0,0,0.02
2009-08,88.39,0.65,8.64,0,0.18,0.76,0,0,0,0.17,0.09,1.07,0,0,0,0.05
2009-09,88.12,0.64,8.71,0.01,0.16,0.75,0,0,0,0.17,0.1,1.27,0,0,0,0.06
2009-10,87.55,0.72,8.93,0.01,0.16,0.75,0,0,0,0.18,0.1,1.55,0,0,0,0.05
2009-11,88.49,0.79,9.34,0.01,0.23,0.77,0,0,0,0.18,0.1,0.01,0,0,0,0.06
2009-12,87.12,0.9,8.94,0.01,0.3,0.77,0,0,0,0.2,0.13,1.56,0,0,0,0.06
2010-01,86.66,1.2,9.53,0.01,0.28,0.77,0,0,0,0.24,0.13,1.11,0,0,0,0.07
2010-02,87.19,1.23,10.07,0.02,0.16,0.78,0,0,0,0.26,0.09,0.14,0,0,0,0.06
2010-03,86.83,1.3,10.25,0.02,0.16,0.78,0,0,0,0.23,0.1,0.26,0,0,0,0.07
2010-04,86.29,1.38,10.3,0.02,0.21,0.77,0,0,0.01,0.24,0.12,0.61,0,0,0,0.06
2010-05,85.95,1.42,10.53,0.02,0.26,0.8,0,0,0.03,0.22,0.11,0.6,0,0,0,0.06
2010-06,85.31,1.68,10.68,0.02,0.25,0.79,0,0,0.03,0.26,0.12,0.78,0,0,0,0.07
2010-07,84.71,1.97,10.77,0.08,0.14,0.79,0,0,0.03,0.28,0.13,1.03,0,0,0,0.07
2010-08,83.8,2.16,11.37,0.12,0.12,0.76,0,0,0.03,0.28,0.11,1.19,0,0,0,0.06
2010-09,84.22,2.33,11.71,0.18,0.11,0.72,0,0,0.03,0.29,0.11,0.22,0,0,0,0.06
2010-10,83.57,2.62,12.13,0.22,0.1,0.69,0,0,0.03,0.3,0.11,0.17,0,0,0,0.06
2010-11,83.19,2.79,12.27,0.28,0.09,0.7,0,0,0.04,0.31,0.11,0.16,0,0,0,0.07
2010-12,82.8,3.15,12.18,0.36,0.09,0.72,0,0,0.05,0.33,0.12,0.13,0,0,0,0.07
2011-01,81.9,3.64,12.54,0.42,0.1,0.73,0,0,0.04,0.35,0.13,0.09,0,0,0,0.06
2011-02,81.24,3.68,13.19,0.48,0.09,0.7,0,0,0.04,0.32,0.1,0.1,0,0,0,0.05
2011-03,80.5,3.92,13.65,0.53,0.09,0.69,0,0,0.04,0.32,0.1,0.11,0,0,0,0.05
2011-04,79.38,4.58,13.96,0.63,0.09,0.69,0,0,0.04,0.36,0.11,0.11,0,0,0,0.05
2011-05,78.67,4.77,14.32,0.74,0.11,0.72,0,0,0.03,0.37,0.1,0.09,0,0,0,0.06
2011-06,78.74,4.87,14.08,0.82,0.11,0.71,0,0,0.03,0.36,0.09,0.14,0,0,0,0.06
2011-07,79.12,5.07,13.54,0.92,0.1,0.66,0,0,0.04,0.36,0.09,0.04,0,0,0,0.06
2011-08,78.29,5.11,14.19,1.04,0.09,0.7,0,0,0.04,0.35,0.1,0.04,0,0,0,0.06
2011-09,77.61,5.48,14.49,1.08,0.1,0.71,0,0,0.03,0.31,0.11,0.04,0,0,0,0.06
2011-10,76.83,5.95,14.69,1.2,0.11,0.7,0,0,0.02,0.28,0.12,0.03,0,0,0,0.06
2011-11,76.48,6.7,14.2,1.33,0.08,0.7,0,0,0.02,0.27,0.11,0.04,0,0,0,0.07
2011-12,75.47,7.93,13.58,1.63,0.12,0.72,0,0,0.03,0.28,0.13,0.04,0,0,0,0.08
2012-01,73.42,9.2,13.97,1.88,0.25,0.69,0,0,0.03,0.3,0.12,0.04,0,0,0,0.09
2012-02,73.24,9.28,14.3,1.92,0.14,0.7,0,0,0.02,0.25,0.04,0.04,0,0,0,0.07
2012-03,73.33,9.28,14.25,1.88,0.19,0.66,0,0,0.02,0.23,0.05,0.04,0,0,0,0.07
2012-04,72.16,10.09,14.44,2.08,0.1,0.67,0,0,0.02,0.23,0.08,0.03,0.01,0,0,0.08
2012-05,72.64,9.77,14.37,2.11,0.09,0.62,0,0,0.02,0.15,0.07,0.03,0.06,0,0,0.07
2012-06,73.69,9.71,13.37,2.19,0.09,0.57,0,0,0.02,0.12,0.08,0.03,0.06,0,0,0.07
2012-07,72.96,10.48,12.97,2.5,0.11,0.59,0,0,0.02,0.12,0.08,0.03,0.07,0,0,0.07
2012-08,71.17,11.01,13.91,2.77,0.13,0.62,0,0,0.02,0.1,0.08,0.03,0.07,0,0,0.07
2012-09,70.22,11.69,13.96,2.98,0.13,0.64,0,0,0.02,0.1,0.09,0.03,0.08,0,0,0.07
2012-10,70.14,11.72,13.88,3.09,0.14,0.66,0,0,0.01,0.09,0.09,0.03,0.07,0,0,0.07
2012-11,70.32,12.12,13.2,3.25,0.14,0.63,0,0,0.01,0.08,0.08,0.03,0.07,0,0,0.07
2012-12,68.28,13.53,13.03,3.96,0.14,0.68,0,0,0.02,0.09,0.09,0.03,0.07,0,0,0.07
2013-01,66.74,14.46,13.39,4.21,0.13,0.73,0,0,0.01,0.07,0.1,0.02,0.06,0,0,0.07
2013-02,65.75,15.23,13.51,4.34,0.14,0.71,0,0,0.01,0.07,0.08,0.03,0.07,0,0,0.06
2013-03,64.77,15.9,13.62,4.51,0.15,0.73,0,0,0.01,0.06,0.08,0.02,0.07,0,0,0.06
2013-04,63.81,15.77,14.59,4.49,0.14,0.88,0,0,0.01,0.06,0.08,0.03,0.07,0,0,0.06
2013-05,63.26,15.63,14.89,4.66,0.16,1.08,0.01,0,0.01,0.05,0.08,0.03,0.09,0,0,0.05
2013-06,61.91,16.43,14.97,4.98,0.16,1.22,0.01,0,0.01,0.05,0.09,0.03,0.09,0,0,0.06
2013-07,61.86,17.03,14.14,5.4,0.13,1.08,0.01,0,0.01,0.05,0.1,0.03,0.1,0,0,0.06
2013-08,62.22,16.72,14,5.44,0.11,1.16,0.01,0,0.01,0.05,0.09,0.03,0.1,0,0,0.05
2013-09,64.14,15.91,13.46,5.33,0.11,0.74,0.02,0,0.01,0.04,0.08,0.03,0.08,0,0,0.05
2013-10,61.93,16.65,14.18,5.85,0.25,0.71,0.02,0,0.03,0.05,0.07,0.04,0.15,0,0,0.07
2013-11,60.16,17.57,13.99,6.41,0.46,0.71,0.02,0,0.09,0.07,0.06,0.04,0.3,0,0.01,0.11
2013-12,57.56,19.3,13.58,7.67,0.42,0.72,0.04,0,0.08,0.07,0.08,0.05,0.33,0.01,0.01,0.1
2014-01,56.13,20.14,14.27,7.83,0.31,0.7,0.06,0,0.05,0.05,0.09,0.04,0.24,0.02,0.01,0.07
2014-02,56.48,20.06,13.94,7.84,0.37,0.7,0.08,0,0.05,0.04,0.08,0.04,0.22,0.02,0.01,0.07
2014-03,55.62,20.37,14.6,7.82,0.38,0.68,0.1,0,0.04,0.03,0.08,0.04,0.17,0.02,0.01,0.06
2014-04,55.42,19.72,15.78,7.58,0.35,0.69,0.11,0,0.03,0.03,0.07,0.03,0.13,0.02,0.01,0.04
2014-05,55.53,19.49,15.34,8.08,0.37,0.7,0.13,0,0.03,0.03,0.07,0.03,0.13,0.02,0.01,0.04
2014-06,55.06,19.77,15.3,8.39,0.35,0.65,0.14,0,0.03,0.03,0.06,0.03,0.11,0.03,0.01,0.04
2014-07,55.78,19.37,15.3,8.12,0.31,0.66,0.15,0,0.03,0.02,0.06,0.03,0.09,0.03,0.01,0.04
2014-08,53.32,21.43,14.53,9.25,0.35,0.66,0.15,0,0.02,0.02,0.06,0.04,0.09,0.03,0.01,0.04
2014-09,51.82,22.38,14.27,10.06,0.38,0.64,0.15,0,0.02,0.02,0.06,0.03,0.09,0.02,0.01,0.04
2014-10,51.2,22.23,14.69,10.19,0.43,0.81,0.15,0,0.02,0.02,0.07,0.03,0.08,0.03,0.01,0.04
2014-11,49.84,23.13,14.27,11.05,0.51,0.73,0.16,0,0.02,0.02,0.07,0.04,0.09,0.03,0.01,0.04
2014-12,48.77,25.33,12.6,11.65,0.56,0.64,0.14,0,0.02,0.02,0.07,0.04,0.07,0.03,0.02,0.04
2015-01,48.73,24.75,12.61,12.15,0.61,0.66,0.14,0,0.02,0.03,0.08,0.04,0.06,0.04,0.02,0.06
2015-02,50.05,23.69,13.31,11.15,0.6,0.71,0.2,0,0.02,0.02,0.07,0.04,0.05,0.04,0.02,0.04
2015-03,49.97,23.28,13.13,11.71,0.58,0.77,0.23,0,0.02,0.03,0.07,0.05,0.05,0.04,0.02,0.05
2015-04,49.86,22.08,13.62,12.19,0.52,0.92,0.26,0,0.02,0.11,0.07,0.11,0.11,0.03,0.02,0.08
2015-05,49.4,22.07,13.44,12.64,0.64,1.01,0.33,0,0.02,0.06,0.07,0.08,0.07,0.03,0.03,0.11
2015-06,49.11,23.59,13.03,12.18,0.72,0.78,0.32,0,0.02,0.02,0.06,0.04,0.03,0.02,0.04,0.04
2015-07,48.04,25.3,12.52,11.98,0.88,0.74,0.26,0,0.02,0.01,0.07,0.04,0.03,0.03,0.05,0.03
2015-08,48.14,24.88,12.99,11.75,0.86,0.76,0.32,0,0.02,0.01,0.07,0.04,0.03,0.03,0.06,0.03
2015-09,49.13,23.82,13.05,11.69,0.92,0.77,0.31,0,0.03,0.01,0.07,0.04,0.03,0.03,0.07,0.03
2015-10,47.82,23.81,13.41,12.37,1.17,0.81,0.28,0,0.03,0.01,0.07,0.04,0.03,0.03,0.09,0.03
2015-11,48.63,24.29,12.66,11.87,1.28,0.67,0.32,0,0.03,0.01,0.07,0.04,0.02,0.03,0.07,0.02
2015-12,49.08,24.6,11.19,12.35,1.52,0.7,0.23,0,0.04,0.01,0.08,0.05,0.02,0.03,0.07,0.03
2016-01,45.18,26.83,11.59,13.34,1.79,0.72,0.2,0,0.04,0.01,0.1,0.04,0.02,0.04,0.08,0.02
2016-02,44.33,26.82,12.16,13.45,1.87,0.69,0.31,0,0.05,0.01,0.11,0.04,0.02,0.04,0.08,0.02
2016-03,44.02,26.36,12.78,13.75,1.63,0.68,0.41,0,0.06,0.01,0.11,0.03,0.02,0.03,0.09,0.02
2016-04,44.49,25.63,12.68,13.71,1.8,0.92,0.34,0,0.07,0.01,0.11,0.04,0.03,0.04,0.1,0.02
2016-05,44.56,25.1,14.01,12.81,1.86,0.85,0.4,0,0.06,0.01,0.12,0.04,0.03,0.04,0.09,0.02
2016-06,43.83,25.85,13.87,12.88,1.93,0.89,0.39,0,0.06,0.01,0.13,0.03,0.02,0.04,0.06,0.02
2016-07,42.39,26.94,12.52,14.31,2.3,0.88,0.32,0,0.05,0.01,0.1,0.03,0.02,0.05,0.07,0.02
2016-08,42.9,26.01,13.28,13.91,2.39,0.74,0.44,0,0.05,0.01,0.1,0.03,0.02,0.04,0.07,0.02
2016-09,41.38,26.9,13.08,14.62,2.62,0.65,0.4,0,0.05,0.01,0.12,0.03,0.02,0.05,0.07,0.02
2016-10,40.07,27.57,13.38,15.19,2.35,0.57,0.38,0,0.06,0.04,0.13,0.02,0.06,0.05,0.1,0.02
2016-11,40.06,28.16,13.2,15.48,1.61,0.57,0.45,0,0.06,0.04,0.12,0.02,0.06,0.05,0.1,0.02
2016-12,37.75,30.31,11.82,17.21,1.48,0.61,0.32,0,0.07,0.04,0.14,0.02,0.06,0.05,0.1,0.02
2017-01,37.98,30.53,11.83,16.96,1.37,0.59,0.24,0,0.08,0.03,0.14,0.02,0.06,0.06,0.09,0.02
2017-02,38.67,29.8,12.83,16.3,1.08,0.54,0.35,0,0.06,0.03,0.14,0.02,0.04,0.05,0.08,0.02
2017-03,38.14,29.6,12.97,16.11,1.78,0.48,0.43,0,0.04,0.03,0.14,0.02,0.11,0.06,0.08,0.02
2017-04,37.34,29.93,12.84,16.47,1.78,0.5,0.38,0,0.04,0.03,0.15,0.02,0.34,0.07,0.1,0.02
2017-05,38.44,28.37,13.23,15.88,1.62,0.5,0.54,0,0.05,0.03,0.13,0.02,0.96,0.05,0.16,0.02
2017-06,37.41,29.5,12.44,17.54,1.48,0.52,0.62,0,0.05,0.03,0.14,0.02,0.1,0.06,0.07,0.03
2017-07,37.27,29.61,11.8,18.26,1.65,0.52,0.44,0,0.05,0.02,0.15,0.01,0.05,0.07,0.06,0.02
2017-08,38.14,28.41,13.1,17.36,1.38,0.52,0.7,0,0.05,0.02,0.13,0.02,0.04,0.07,0.06,0.02
2017-09,38.17,28.06,12.93,17.03,1.9,0.54,0.71,0,0.05,0.02,0.15,0.02,0.04,0.3,0.06,0.02
2017-10,38.2,28.32,13.64,17.02,1.19,0.52,0.55,0,0.05,0.01,0.15,0.02,0.03,0.23,0.05,0.02
2017-11,38.09,28.95,13.69,16.89,0.86,0.51,0.68,0,0.05,0.01,0.12,0.01,0.04,0.06,0.02,0.02
2017-12,35.77,30.81,12.04,19.09,1,0.5,0.4,0,0.07,0.02,0.14,0.01,0.04,0.06,0.02,0.02
2018-01,36.32,30.6,11.89,19.19,0.94,0.49,0.25,0,0.07,0.02,0.11,0.01,0.04,0.05,0.01,0.02
2018-02,37.34,29.16,12.21,18.93,1.02,0.51,0.52,0,0.06,0.02,0.12,0.01,0.04,0.04,0.01,0.01
2018-03,36.63,29.48,12.66,18.67,1.22,0.43,0.57,0,0.07,0.02,0.12,0.01,0.05,0.05,0.01,0.01
2018-04,37.03,28.93,12.19,19.46,1.14,0.46,0.44,0,0.07,0.03,0.11,0.01,0.06,0.05,0.01,0.02
2018-05,38.3,27.25,12.86,18.83,1,0.47,0.96,0,0.06,0.02,0.11,0.01,0.05,0.05,0.01,0.01
2018-06,37.78,27.36,12.55,19.62,1,0.5,0.79,0,0.08,0.02,0.13,0.01,0.06,0.07,0.01,0.02
2018-07,37.92,28.29,12.25,19.29,0.9,0.53,0.45,0,0.09,0.02,0.13,0.01,0.05,0.07,0.01,0.01
2018-08,38.91,28.84,13.38,16.71,0.62,0.61,0.6,0,0.1,0.01,0.12,0.01,0.04,0.05,0,0.01
2018-09,38.57,29.32,12.69,17.41,0.53,0.61,0.58,0,0.07,0,0.11,0.01,0.03,0.05,0,0.01
2018-10,38.46,29.4,14.06,15.17,1.71,0.49,0.46,0,0.07,0,0.1,0,0.02,0.05,0,0.01
2018-11,37.73,29.92,12.92,12.38,5.73,0.5,0.57,0,0.07,0,0.09,0,0.01,0.04,0,0.01
2018-12,35.99,31.04,11.73,16.75,3.21,0.58,0.42,0,0.08,0,0.11,0,0.01,0.05,0,0.01
2019-01,34.71,31.77,10.94,18.14,3.42,0.5,0.26,0,0.08,0,0.1,0,0.01,0.05,0,0.01
2019-02,36.5,30.22,11.8,16.79,3.48,0.47,0.5,0,0.09,0,0.1,0.01,0.01,0.05,0,0.01
2019-03,35.7,30.36,12.26,18.77,1.64,0.46,0.54,0,0.09,0,0.1,0,0,0.06,0,0.01
2019-04,35.01,30.6,11.93,19.27,1.94,0.48,0.45,0,0.11,0,0.12,0.01,0,0.08,0,0.01
2019-05,35.6,30.28,12.04,18.28,2.36,0.45,0.66,0,0.13,0,0.11,0,0,0.08,0,0.01
2019-06,34.97,30.38,11.78,18.63,2.67,0.49,0.71,0,0.13,0,0.12,0,0,0.1,0,0.01
2019-07,34.54,30.43,11.2,19.22,3.17,0.51,0.54,0,0.12,0,0.13,0,0,0.12,0,0.01
2019-08,34.96,30.13,11.5,19.02,2.88,0.51,0.72,0,0.11,0,0.1,0,0,0.07,0,0.01
2019-09,34.69,30.46,11.57,20.39,1.49,0.51,0.62,0,0.1,0,0.09,0,0,0.05,0,0.01
2019-10,32.82,28.42,13.22,23.14,1.17,0.48,0.53,0,0.07,0,0.09,0,0,0.05,0,0
2019-11,31.82,29.1,13.64,23.08,0.93,0.57,0.66,0,0.07,0,0.08,0,0,0.04,0,0.01
2019-12,30.63,30.34,12.72,24.02,0.98,0.64,0.46,0,0.08,0,0.08,0,0,0.04,0,0
2020-01,31.1,29.67,13.16,24.13,0.88,0.58,0.26,0,0.09,0,0.07,0,0,0.05,0,0
2020-02,31.94,28.75,13.98,23.32,0.66,0.55,0.56,0,0.09,0,0.06,0,0,0.06,0,0.01
2020-03,32.2,28.27,14.72,22.79,0.64,0.53,0.59,0,0.08,0,0.07,0,0,0.1,0,0
2020-04,31.41,28.43,15.44,22.84,0.61,0.53,0.45,0,0.09,0,0.07,0,0,0.11,0,0
2020-05,34.82,25.1,17.11,20.79,0.65,0.51,0.81,0,0.09,0,0.06,0,0,0.05,0,0
2020-06,34.8,24.83,16.6,21.48,0.76,0.54,0.78,0,0.1,0,0.06,0,0,0.05,0,0
2020-07,34.67,25.56,16.04,21.44,0.92,0.6,0.54,0,0.12,0,0.07,0,0,0.05,0,0.01
2020-08,34.93,25.28,16.49,20.78,0.92,0.6,0.74,0,0.13,0,0.08,0,0,0.05,0,0.01
2020-09,34.7,25.51,16.29,21.19,0.78,0.6,0.65,0,0.14,0,0.07,0,0,0.05,0,0.01
2020-10,34.76,25.2,17.59,20.28,0.82,0.55,0.59,0,0.12,0,0.05,0,0,0.04,0,0
2020-11,33.8,26.6,15.63,21.39,1.08,0.55,0.72,0,0.13,0,0.05,0,0,0.04,0,0
2020-12,32.5,27.93,14.57,23,0.75,0.55,0.46,0,0.13,0,0.06,0,0,0.04,0,0.01
2021-01,32.29,28.24,14.75,22.7,0.78,0.59,0.33,0,0.19,0,0.07,0,0,0.06,0,0.01
2021-02,34.29,26.23,16.26,20.49,0.84,0.83,0.63,0,0.3,0,0.07,0,0,0.06,0,0.01
2021-03,34.54,25.85,16.64,20.04,0.94,0.86,0.72,0,0.28,0,0.06,0,0,0.05,0,0.01
2021-04,33.6,26.6,16.08,20.76,1.14,0.81,0.52,0,0.36,0,0.06,0,0,0.06,0,0.01
2021-05,33.99,26.26,16.24,20.21,1.31,0.75,0.76,0,0.37,0,0.05,0,0,0.05,0,0.01
2021-06,33.92,26.43,16.06,19.97,1.52,0.82,0.75,0,0.4,0,0.06,0,0,0.05,0,0.01
2021-07,33.89,26.48,16.45,19.25,1.49,0.98,0.57,0,0.73,0,0.06,0,0,0.06,0,0.02
2021-08,35.69,25.07,16.78,18.99,0.73,1,0.72,0,0.87,0,0.06,0,0,0.06,0,0.02
2021-09,35.63,24.96,17.11,19.1,0.76,0.9,0.7,0,0.68,0,0.08,0,0,0.07,0,0.01
2021-10,36.01,25.46,17.04,18.62,0.82,0.72,0.74,0,0.53,0,0.05,0,0,0,0,0.01
2021-11,36.53,25.39,15.88,18.94,1.02,0.69,1.03,0,0.48,0,0.04,0,0,0,0,0.01
2021-12,35.53,26.43,14.62,19.69,1.38,0.89,0.74,0,0.64,0,0.05,0,0,0,0,0.01
2022-01,36.7,26.23,15.09,18.56,0.81,0.99,0.74,0,0.81,0,0.05,0,0,0,0,0.01
2022-02,39.32,23.96,15.62,17.07,0.62,1,1.55,0,0.79,0,0.04,0,0,0,0,0.02
2022-03,40.97,22.97,14.93,16.84,0.76,0.92,1.86,0,0.69,0,0.04,0,0,0.01,0,0.01
2022-04,36.8,25.66,14.25,19.66,1.01,0.97,0.91,0,0.67,0,0.05,0,0,0.01,0,0.01
2022-05,36.96,25.28,15.43,18.9,0.93,0.79,1.19,0,0.45,0,0.05,0,0,0,0,0.01
2022-06,39.67,23.88,14.85,18.17,0.88,0.77,1.33,0,0.39,0,0.04,0,0,0,0,0.01
2022-07,35.24,21.12,12.19,26.53,2.72,0.76,1.04,0,0.35,0,0.04,0,0,0,0,0.01
2022-08,37.86,23.32,14.52,20.2,1.58,0.74,1.37,0,0.34,0,0.04,0,0,0,0,0.01
2022-09,34.6,26.44,15.93,19.79,1.03,0.8,0.99,0,0.36,0,0.04,0,0,0,0,0.01
2022-10,34.66,27.18,16.73,18.72,0.71,0.71,0.91,0,0.33,0,0.03,0,0,0,0,0.01
2022-11,34.98,26.75,15.51,19.51,0.83,0.83,1.18,0,0.35,0,0.03,0.01,0,0,0,0.02
2022-12,32.47,28.55,14.16,21.63,1.06,0.94,0.72,0,0.41,0,0.04,0,0,0,0,0.01
2023-01,32.27,29,14.39,21.14,1.15,0.97,0.6,0,0.4,0,0.05,0,0,0,0,0.01
2023-02,33.11,27.66,15.29,20.18,1.28,1.05,0.98,0,0.38,0,0.04,0,0,0,0,0.01
2023-03,33.74,27.36,15.39,19.44,1.67,0.9,1.05,0,0.38,0,0.04,0,0,0,0,0.01
2023-04,32.27,28.25,15.62,18.34,3.15,0.92,0.98,0,0.41,0,0.05,0,0,0,0,0.01
2023-05,33.96,26.91,16.42,16.8,3.18,0.9,1.37,0,0.37,0,0.04,0,0,0.03,0,0.01
2023-06,33.86,26.92,15.85,19.85,0.74,0.85,1.48,0,0.36,0,0.03,0,0,0.05,0,0.01
2023-07,33.58,27.16,15.98,20.02,0.78,0.81,1.19,0,0.38,0,0.03,0,0,0.04,0,0.01
2023-08,33.15,27.53,16.5,19.65,0.84,0.81,1,0,0.4,0,0.03,0,0,0.05,0,0.02
2023-09,33.05,28.27,16.35,19.34,0.86,0.79,0.88,0,0.36,0,0.03,0.01,0,0.04,0,0.02
2023-10,33.32,28.32,16.59,18.97,0.83,0.75,0.81,0,0.34,0,0.02,0,0,0.04,0,0.01
2023-11,34.14,28.09,16.1,18.87,0.75,0.82,0.8,0,0.35,0,0.02,0,0,0.04,0,0.01
2023-12,36.25,26.92,14.38,19.06,1.53,0.93,0.46,0,0.38,0,0.03,0,0,0.05,0,0.01
2024-01,36.76,27.32,14.18,18.5,1.57,0.83,0.37,0,0.38,0,0.03,0,0,0.04,0,0.01
2024-02,39.48,24.76,14.12,18.17,1.44,0.81,0.77,0,0.36,0,0.03,0,0,0.04,0,0.01
2024-03,34.55,26.91,14.8,20.23,1.25,0.88,0.91,0,0.39,0,0.02,0.01,0,0.04,0,0.01
2024-04,37.2,25.04,15.14,19.18,1.06,0.81,1.12,0,0.36,0,0.02,0.01,0,0.04,0,0.01
2024-05,36.18,25.28,14.24,20.96,0.82,0.85,1.26,0,0.35,0,0.02,0,0,0.03,0,0.01
2024-06,33.75,26.13,13.39,23.46,0.73,0.88,1.23,0,0.36,0,0.02,0,0,0.03,0,0.01
2024-07,32.4,26.55,12.91,25.13,0.83,0.9,0.81,0,0.4,0,0.02,0.01,0,0.03,0,0.01
2024-08,31.53,27.2,14.71,23.34,0.85,0.95,0.93,0,0.39,0,0.02,0.01,0,0.03,0,0.02
2024-09,32.45,27.06,14.73,22.83,0.73,0.86,0.95,0,0.31,0,0.02,0.01,0,0.03,0,0.02
2024-10,32.17,27.52,14.96,22.5,0.74,0.86,0.89,0,0.3,0,0.02,0.01,0,0.03,0,0.01
2024-11,32.04,26.76,14.02,23.85,0.82,0.92,1.21,0,0.32,0,0.02,0,0,0.03,0,0.01
2024-12,32.1,27.42,12.75,24.36,0.97,1.12,0.86,0,0.35,0,0.02,0,0,0.03,0,0.01
2025-01,29.68,28.84,13.16,25.3,1.09,0.95,0.54,0,0.37,0,0.02,0,0,0.04,0,0.01
2025-02,30.43,27.44,13.73,25.06,1.18,0.93,0.83,0,0.36,0,0.02,0,0,0.03,0,0.01
2025-03,29.32,28.1,12.06,25.12,1.09,0.94,0.75,2.25,0.3,0,0.02,0,0,0.04,0,0.01
2025-04,29.08,28.38,8.86,25.35,1.24,0.98,0.58,5.17,0.31,0,0.02,0,0,0.04,0,0.01
2025-05,28.13,29.93,8.89,24.34,1.34,0.94,0.77,5.33,0.27,0,0.01,0,0,0.03,0,0.01
2025-06,28.49,29.16,8.89,24.49,1.62,0.97,0.79,5.2,0.32,0,0.01,0,0,0.03,0,0
2025-07,29.01,28.7,8.68,24.81,1.79,1.04,0.68,4.9,0.33,0,0.02,0,0,0.03,0,0.01
2025-08,23.35,26.91,7.67,34.86,1.53,0.85,0.67,3.84,0.27,0,0.02,0,0,0.02,0,0
2025-09,30.95,27.4,8.69,23.05,2.17,0.94,0.74,5.64,0.37,0,0.02,0,0,0.03,0,0.01
2025-10,32.99,26.59,9.56,19.93,2.45,1.05,0.8,6.23,0.37,0,0.02,0,0,0.02,0,0
2025-11,32.48,27.23,9.34,19.84,2.76,1.07,0.9,6.03,0.32,0,0.02,0,0,0.02,0,0.01
2025-12,31.03,28.1,9.9,19.8,3.3,1.46,0.56,5.35,0.36,0,0.09,0,0,0.04,0,0
2026-01,30.67,28.66,9.18,19.9,3.55,1.63,0.5,5.5,0.35,0,0.02,0,0,0.04,0,0
2026-02,32.39,28.46,8.44,18.66,3.86,1.05,1.02,5.83,0.24,0,0.01,0,0,0.03,0,0
2026-03,32.22,29.31,8.12,18.39,4.07,0.99,0.99,5.66,0.24,0,0.01,0,0,0,0,0
2026-04,31,29.69,8.65,18.29,5.01,1.23,0.76,5.27,0.07,0,0.01,0,0,0.02,0,0
