"Date","Windows","Android","iOS","Unknown","OS X","Series 40","SymbianOS","Samsung","Linux","Nokia Unknown","BlackBerry OS","Sony Ericsson","KaiOS","Tizen","bada","macOS","Chrome OS","LG","Playstation","Firefox OS","Other"
2009-01,97.48,0,0.07,0.37,1,0,0.68,0,0.37,0,0,0,0,0,0,0,0,0,0.02,0,0.01
2009-02,97.66,0,0.07,0.35,0.92,0,0.62,0,0.36,0,0,0,0,0,0,0,0,0,0.01,0,0.01
2009-03,97.61,0,0.08,0.37,0.93,0,0.65,0,0.34,0,0,0,0,0,0,0,0,0,0.01,0,0
2009-04,97.65,0,0.09,0.31,0.92,0,0.67,0,0.34,0,0,0,0,0,0,0,0,0,0.01,0,0
2009-05,97.62,0,0.08,0.36,0.87,0,0.75,0,0.3,0,0,0,0,0,0,0,0,0,0.01,0,0.01
2009-06,97.32,0,0.08,0.41,0.98,0,0.85,0,0.34,0,0,0,0,0,0,0,0,0,0.01,0,0.01
2009-07,97.36,0,0.08,0.66,0.97,0,0.56,0,0.31,0,0,0.04,0,0,0,0,0,0,0.01,0,0.01
2009-08,97.2,0,0.09,0.22,1.07,0,0.9,0.02,0.31,0,0.01,0.17,0,0,0,0,0,0,0.01,0,0.01
2009-09,97.17,0,0.09,0.22,1.08,0,0.93,0.02,0.3,0,0.01,0.16,0,0,0,0,0,0,0.02,0,0.01
2009-10,97.05,0,0.09,0.2,1.08,0,1.03,0.02,0.32,0,0.01,0.17,0,0,0,0,0,0,0.01,0,0.01
2009-11,96.89,0,0.1,0.25,1.13,0,1.05,0.02,0.33,0,0.01,0.2,0,0,0,0,0,0,0.01,0,0.01
2009-12,96.8,0,0.12,0.31,1.13,0,1.07,0.02,0.32,0,0.01,0.2,0,0,0,0,0,0,0.01,0,0.01
2010-01,96.35,0.01,0.14,0.33,1.17,0,1.34,0.03,0.29,0,0.07,0.25,0,0,0,0,0,0,0.02,0,0.01
2010-02,95.94,0.01,0.18,0.28,1.29,0,1.57,0.04,0.31,0,0.07,0.28,0,0,0,0,0,0,0.02,0,0.01
2010-03,95.4,0.01,0.21,0.34,1.32,0,1.95,0.05,0.32,0,0.06,0.32,0,0,0,0,0,0,0.02,0,0.01
2010-04,94.91,0.02,0.23,0.47,1.36,0,2.15,0.07,0.32,0,0.08,0.36,0,0,0,0,0,0,0.02,0,0.01
2010-05,94.59,0.01,0.27,0.58,1.34,0,2.27,0.11,0.32,0,0.11,0.37,0,0,0,0,0,0,0.02,0,0.01
2010-06,94.26,0.02,0.28,0.5,1.32,0,2.56,0.16,0.33,0,0.14,0.4,0,0,0,0,0,0,0.02,0,0.01
2010-07,93.9,0.06,0.31,0.52,1.35,0,2.76,0.15,0.33,0,0.16,0.43,0,0,0,0,0,0.01,0.02,0,0.01
2010-08,93.41,0.09,0.36,0.56,1.41,0,2.99,0.17,0.34,0,0.16,0.46,0,0,0,0,0,0.01,0.02,0,0.02
2010-09,92.04,0.12,0.4,0.64,1.47,0,3.4,0.21,0.33,0,0.81,0.53,0,0,0,0,0,0.01,0.02,0,0.02
2010-10,91.98,0.2,0.45,0.56,1.44,0,3.51,0.22,0.33,0,0.75,0.54,0,0,0,0,0,0.01,0.02,0,0.01
2010-11,91.82,0.27,0.5,0.52,1.44,0,3.58,0.27,0.32,0,0.74,0.48,0,0,0,0,0,0.01,0.02,0,0.02
2010-12,92.53,0.31,0.52,0.49,1.42,0,3.15,0.27,0.32,0,0.55,0.4,0,0,0,0,0,0.01,0.02,0,0.02
2011-01,91.87,0.36,0.6,0.55,1.52,0,3.59,0.36,0.32,0,0.37,0.42,0,0,0,0,0,0.01,0.02,0,0.02
2011-02,91.24,0.44,0.66,0.57,1.5,0,3.77,0.4,0.32,0,0.63,0.43,0,0,0,0,0,0.01,0.02,0,0.02
2011-03,90.69,0.52,0.71,0.57,1.49,0,3.99,0.45,0.32,0,0.8,0.43,0,0,0,0,0,0.01,0.02,0,0.02
2011-04,90.15,0.66,0.78,0.61,1.49,0,4.35,0.53,0.31,0,0.6,0.45,0,0,0.01,0,0,0.01,0.02,0,0.02
2011-05,89.43,0.89,0.88,0.69,1.53,0,4.58,0.6,0.32,0,0.51,0.45,0,0,0.05,0,0,0.01,0.02,0,0.02
2011-06,87.25,1.2,0.96,0.82,1.54,0,5.52,0.79,0.32,0,1.01,0.47,0,0,0.06,0,0,0.01,0.02,0,0.02
2011-07,86.94,1.47,1.07,0.81,1.54,0,5.77,0.9,0.32,0,0.59,0.48,0,0,0.07,0,0,0.01,0.02,0,0.02
2011-08,86.52,1.72,1.19,0.82,1.57,0,5.91,0.99,0.32,0,0.36,0.46,0,0,0.08,0,0,0.01,0.03,0,0.02
2011-09,86.24,1.59,1.34,0.93,1.66,0,6.01,0.99,0.34,0,0.36,0.39,0,0,0.08,0,0,0.01,0.03,0,0.01
2011-10,86.09,1.62,1.51,1.07,1.78,0,5.8,0.98,0.34,0,0.29,0.36,0,0,0.09,0,0,0.01,0.04,0,0.02
2011-11,85.12,1.65,1.67,1.01,1.77,0,6.48,1.16,0.36,0,0.24,0.38,0,0,0.1,0,0,0.01,0.04,0,0.02
2011-12,83.55,1.8,1.76,1,1.71,0,7.69,1.31,0.35,0,0.21,0.44,0,0,0.11,0,0,0.01,0.04,0,0.02
2012-01,82.32,2.17,2.03,1.02,1.81,0,7.94,1.51,0.35,0,0.25,0.41,0,0,0.13,0,0,0.02,0.03,0,0.02
2012-02,82.42,2.52,2.22,1.06,1.77,0,7.53,1.33,0.36,0,0.23,0.37,0,0,0.13,0,0,0.01,0.01,0,0.02
2012-03,81.42,2.59,2.22,1.21,1.72,0,8.02,1.61,0.35,0,0.26,0.39,0,0,0.17,0,0,0.02,0.02,0,0.03
2012-04,79.31,2.91,2.42,1.2,1.8,0.77,8.19,2.07,0.35,0,0.26,0.42,0,0,0.2,0,0,0.02,0.03,0,0.05
2012-05,78.31,3.13,2.52,1.27,1.82,3.39,6.03,2.24,0.32,0,0.23,0.41,0,0,0.23,0,0,0.02,0.03,0,0.05
2012-06,77.83,3.53,3.08,1.22,1.75,3.96,5.14,2.25,0.32,0,0.24,0.37,0,0,0.23,0,0,0.02,0.03,0,0.05
2012-07,77.33,4,3.51,1.32,1.79,4.46,4.18,2.19,0.32,0,0.25,0.34,0,0,0.23,0,0,0.01,0.03,0,0.05
2012-08,77.18,4.47,3.25,1.43,1.79,4.59,3.95,2.16,0.31,0,0.25,0.31,0,0,0.22,0,0,0.01,0.03,0,0.05
2012-09,76.77,4.82,2.89,1.5,1.79,4.78,3.95,2.29,0.32,0,0.26,0.3,0,0,0.22,0,0,0.01,0.03,0,0.05
2012-10,76.18,5.32,2.95,1.53,1.76,4.88,3.86,2.35,0.31,0,0.25,0.3,0,0,0.22,0,0,0.01,0.02,0,0.06
2012-11,74.67,6.25,3.13,1.59,1.76,5.21,3.84,2.41,0.31,0,0.25,0.3,0,0,0.2,0,0,0.01,0.02,0,0.04
2012-12,72.86,7.32,3.37,1.66,1.68,5.42,3.98,2.57,0.3,0,0.25,0.3,0,0,0.2,0,0,0.01,0.02,0,0.04
2013-01,73.04,8.59,3.79,1.52,1.79,4.8,3.36,2.03,0.32,0,0.26,0.26,0,0,0.16,0,0,0.01,0.03,0,0.05
2013-02,72.84,8.61,4.36,1.52,1.76,4.76,3.14,1.95,0.33,0,0.26,0.24,0,0,0.14,0,0,0.01,0.02,0,0.05
2013-03,72.97,8.48,4.43,1.54,1.78,4.75,3.08,1.92,0.33,0,0.27,0.23,0,0,0.14,0,0,0.01,0.03,0,0.04
2013-04,72.38,9.26,4.45,1.55,1.78,4.69,2.98,1.86,0.35,0,0.27,0.22,0,0,0.14,0,0,0.01,0.03,0,0.03
2013-05,71.77,9.57,4.42,1.68,1.81,4.8,2.99,1.9,0.36,0,0.29,0.21,0,0,0.13,0,0,0.01,0.03,0,0.03
2013-06,70.65,9.99,4.42,1.81,1.8,5.16,3.07,2.01,0.37,0,0.3,0.21,0,0,0.13,0,0,0.01,0.04,0,0.03
2013-07,68.67,10.93,4.48,1.48,1.85,6,2.75,2.12,0.9,0,0.32,0.22,0,0,0.13,0,0,0.08,0.04,0,0.03
2013-08,67.42,11.96,4.54,1.47,1.73,6.08,2.78,2.12,1.07,0,0.34,0.2,0,0,0.13,0,0,0.08,0.03,0,0.04
2013-09,67.07,12.4,4.54,1.47,1.72,5.95,2.74,2.2,1.11,0,0.34,0.2,0,0,0.12,0,0,0.08,0.02,0,0.04
2013-10,64.68,13.79,4.56,1.84,1.67,6.15,2.92,2.35,1.2,0,0.35,0.22,0,0,0.11,0,0,0.09,0.02,0,0.04
2013-11,64.02,14.76,4.84,1.76,1.67,6.08,2.56,2.32,0.95,0.26,0.31,0.23,0,0,0.11,0,0,0.09,0.01,0,0.02
2013-12,61.19,16.98,5.06,2.03,1.57,6.29,2.53,2.4,0.81,0.33,0.31,0.22,0,0,0.13,0,0,0.09,0.01,0,0.02
2014-01,61.67,17.51,5.49,1.9,1.63,5.61,2.24,2.22,0.69,0.33,0.27,0.19,0,0,0.12,0,0.01,0.09,0.02,0,0.02
2014-02,61.54,17.84,5.69,1.97,1.67,5.38,2.1,2.13,0.64,0.34,0.29,0.18,0,0,0.12,0,0.01,0.08,0.02,0,0.02
2014-03,59.52,18.75,5.91,2.3,1.73,5.54,2.11,2.22,0.71,0.4,0.41,0.18,0,0,0.11,0,0.01,0.08,0.03,0,0.02
2014-04,59.82,19.23,6.12,2.21,1.83,4.95,1.89,2.12,0.7,0.39,0.35,0.16,0,0,0.11,0,0.01,0.07,0.02,0,0.02
2014-05,56.99,20.9,6.44,2.47,1.95,5.27,1.93,2.12,0.77,0.44,0.34,0.16,0,0,0.1,0,0.01,0.07,0.02,0,0.02
2014-06,56.51,21.95,6.68,2.52,1.96,4.79,1.79,1.86,0.77,0.41,0.38,0.14,0,0,0.1,0,0.01,0.07,0.03,0,0.02
2014-07,55.45,22.41,6.64,2.79,2,4.88,1.8,1.93,0.82,0.44,0.49,0.14,0,0,0.09,0,0.01,0.07,0.03,0,0.02
2014-08,54.43,23.94,6.75,2.81,1.83,4.62,1.71,1.84,0.83,0.43,0.47,0.14,0,0,0.09,0,0.01,0.07,0.02,0,0.01
2014-09,52.95,25.54,6.81,2.54,1.88,4.77,1.63,1.81,0.72,0.5,0.51,0.14,0,0,0.09,0,0.01,0.07,0.02,0,0.01
2014-10,52.86,26.35,6.89,2.56,1.87,4.38,1.5,1.59,0.73,0.48,0.47,0.12,0,0,0.08,0,0.01,0.06,0.03,0,0.01
2014-11,51.49,28.1,6.56,2.77,1.8,4.27,1.47,1.5,0.73,0.49,0.51,0.12,0,0,0.08,0,0.01,0.06,0.02,0,0.01
2014-12,50.3,28.52,6.47,2.92,1.83,4.51,1.51,1.54,0.59,0.97,0.55,0.11,0,0,0.08,0,0.01,0.06,0.02,0,0.02
2015-01,50.48,29.26,6.85,2.69,1.78,3.94,1.28,1.26,0.52,1.19,0.47,0.1,0,0,0.07,0,0.01,0.05,0.02,0,0.02
2015-02,51.2,29.56,7.08,2.54,1.74,3.35,1.09,1.1,0.55,1.1,0.42,0.09,0,0.02,0.06,0,0.01,0.05,0.02,0,0.03
2015-03,49.48,31.36,7.09,2.69,1.82,3.16,0.98,0.98,0.6,1.12,0.42,0.09,0,0.03,0.06,0,0.01,0.05,0.02,0,0.03
2015-04,48.81,32.05,7.16,2.85,1.72,3.08,0.93,0.88,0.61,1.17,0.45,0.08,0,0.03,0.05,0,0.02,0.04,0.02,0,0.03
2015-05,46.83,33.69,7.34,3.04,1.56,3.01,0.95,0.84,0.63,1.39,0.44,0.08,0,0.04,0.05,0,0.01,0.04,0.02,0,0.04
2015-06,45.71,34.34,7.4,3.33,1.63,2.75,0.92,0.82,0.66,1.65,0.51,0.08,0,0.04,0.04,0,0.01,0.04,0.02,0,0.04
2015-07,44.94,35.45,7.7,3.5,1.34,2.46,0.83,0.74,0.68,1.65,0.45,0.07,0,0.04,0.04,0,0.01,0.04,0.02,0,0.04
2015-08,43.23,37.41,7.61,3.55,1.29,2.22,0.76,0.69,0.7,1.71,0.6,0.06,0,0.04,0.04,0,0.01,0.04,0.02,0,0.04
2015-09,42.05,38.57,7.54,3.69,1.32,2.09,0.71,0.68,0.73,1.8,0.56,0.06,0,0.04,0.04,0,0.01,0.04,0.02,0,0.04
2015-10,41.35,39.13,7.35,4.1,1.4,1.99,0.67,0.66,0.75,1.94,0.43,0.06,0,0.03,0.03,0,0.01,0.04,0.02,0,0.04
2015-11,42.08,37.59,7.47,4.57,1.63,2.06,0.65,0.67,0.7,1.96,0.39,0.06,0,0.04,0.03,0,0.01,0.04,0.02,0,0.04
2015-12,40.76,38.58,7.27,4.95,1.65,1.99,0.62,0.64,0.7,2.13,0.44,0.05,0,0.05,0.03,0,0.02,0.04,0.02,0,0.05
2016-01,40.02,39.17,7.36,5.23,1.61,1.89,0.59,0.61,0.72,2.12,0.42,0.05,0,0.06,0.03,0,0.02,0.04,0.02,0,0.05
2016-02,39.11,39.94,7.36,5.38,1.67,1.83,0.58,0.61,0.71,2.11,0.41,0.05,0,0.07,0.03,0,0.02,0.04,0.02,0,0.05
2016-03,37.92,42.25,7.66,4.45,1.67,1.67,0.54,0.58,0.67,1.98,0.35,0.05,0,0.07,0.02,0,0.01,0.04,0.02,0,0.05
2016-04,36.77,43.1,7.88,4.64,1.68,1.56,0.51,0.57,0.65,2.04,0.31,0.05,0,0.08,0.02,0,0.02,0.04,0.02,0,0.05
2016-05,34.12,45.09,8.23,4.87,1.72,1.55,0.5,0.61,0.59,2.08,0.33,0.06,0,0.09,0.02,0,0.02,0.04,0.03,0,0.05
2016-06,36.45,42.67,8.75,4.91,1.94,1.32,0.39,0.62,0.63,1.7,0.3,0.06,0,0.1,0.02,0,0.02,0.03,0.03,0,0.05
2016-07,34.69,43.67,8.86,5.66,1.73,1.35,0.41,0.62,0.61,1.82,0.27,0.06,0,0.1,0.02,0,0.02,0.03,0.02,0,0.05
2016-08,34.8,42.78,9.01,6.44,1.8,1.26,0.41,0.57,0.65,1.77,0.22,0.06,0,0.1,0.02,0,0.02,0.03,0.02,0,0.04
2016-09,33.11,44.73,8.87,6.65,1.74,1.13,0.36,0.56,0.61,1.73,0.21,0.05,0,0.11,0.02,0,0.02,0.03,0.02,0,0.04
2016-10,30.99,47.74,8.9,6.26,1.68,0.86,0.29,0.48,0.55,1.73,0.22,0.05,0,0.14,0.01,0,0.02,0.03,0.02,0,0.04
2016-11,30.76,49.97,8.86,4.51,1.75,0.77,0.26,0.44,0.56,1.56,0.23,0.05,0,0.17,0.01,0,0.02,0.02,0.02,0,0.03
2016-12,30.16,50.84,8.91,4.32,1.71,0.76,0.25,0.45,0.54,1.49,0.2,0.04,0,0.21,0.01,0,0.01,0.03,0.02,0,0.03
2017-01,29.62,51.63,9.05,4.06,1.65,0.73,0.24,0.44,0.52,1.49,0.21,0.04,0,0.22,0.01,0,0.02,0.02,0.02,0,0.03
2017-02,29.81,51.83,8.85,3.94,1.76,0.64,0.22,0.39,0.52,1.46,0.2,0.02,0,0.26,0.01,0,0.02,0.02,0.02,0,0.03
2017-03,29.23,52.15,8.84,4.48,1.74,0.59,0.21,0.37,0.49,1.32,0.18,0.03,0,0.26,0.01,0,0.02,0.03,0.02,0,0.03
2017-04,28.44,52.52,9.83,4.36,1.69,0.51,0.19,0.3,0.46,1.18,0.16,0.02,0,0.22,0.01,0,0.02,0.03,0.02,0,0.03
2017-05,28.16,53.44,9.23,4.19,1.8,0.53,0.18,0.29,0.47,1.21,0.17,0.02,0,0.21,0.01,0,0.02,0.02,0.03,0,0.03
2017-06,27.49,54.23,9.02,4.32,1.82,0.47,0.17,0.29,0.46,1.22,0.16,0.02,0,0.23,0.01,0,0.02,0.03,0.03,0,0.03
2017-07,28.07,54.05,8.63,4.42,1.79,0.43,0.17,0.28,0.49,1.17,0.16,0.01,0,0.22,0.01,0,0.01,0.03,0.03,0,0.03
2017-08,28.92,53.21,9.02,4.04,2,0.37,0.14,0.27,0.49,1.07,0.14,0.01,0,0.21,0.01,0,0.02,0.02,0.03,0,0.03
2017-09,28.73,53.45,8.85,4.3,2.03,0.36,0.14,0.27,0.44,0.96,0.14,0.01,0,0.21,0.01,0,0.02,0.02,0.03,0,0.02
2017-10,29.38,53.03,8.62,4.06,2.22,0.38,0.14,0.29,0.45,0.91,0.13,0.02,0,0.2,0.01,0,0.02,0.02,0.02,0.07,0.02
2017-11,30.17,52.93,8.22,3.81,2.35,0.38,0.15,0.29,0.42,0.51,0.11,0.02,0,0.21,0.01,0,0.02,0.02,0.03,0.34,0.02
2017-12,28.17,54.95,8.04,4.13,2.15,0.45,0.16,0.31,0.39,0.25,0.11,0.02,0,0.24,0.01,0,0.02,0.02,0.03,0.53,0.02
2018-01,28.36,54.87,8.11,3.87,2.21,0.43,0.16,0.32,0.4,0.26,0.09,0.02,0,0.22,0.01,0,0.02,0.02,0.03,0.59,0.02
2018-02,27.97,55.66,8.33,3.72,2.15,0.3,0.13,0.24,0.39,0.22,0.1,0.01,0,0.17,0,0,0.02,0.02,0.03,0.53,0.02
2018-03,28.8,54.53,8.2,4.37,2.36,0.27,0.13,0.22,0.39,0.21,0.09,0.01,0.03,0.16,0,0,0.02,0.02,0.02,0.15,0.02
2018-04,28.68,54.88,7.94,4.06,2.68,0.28,0.12,0.23,0.52,0.21,0.09,0.01,0.04,0.18,0,0,0.03,0.02,0.02,0,0.02
2018-05,27.65,56.65,7.88,3.49,2.72,0.24,0.1,0.22,0.49,0.2,0.06,0.01,0.04,0.16,0,0,0.02,0.02,0.02,0,0.01
2018-06,27.32,56.99,8.23,3.21,2.66,0.22,0.08,0.21,0.56,0.19,0.05,0.01,0.03,0.15,0,0,0.02,0.01,0.02,0,0.01
2018-07,28.02,56.72,8.4,2.7,2.71,0.19,0.07,0.2,0.54,0.17,0.04,0.01,0.03,0.14,0,0,0.02,0.01,0.02,0,0.01
2018-08,28.09,55.64,9.95,2.2,2.72,0.18,0.07,0.22,0.55,0.16,0.03,0.01,0.02,0.12,0,0,0.02,0,0.02,0,0.01
2018-09,28.74,55.34,9.48,1.57,2.9,0.16,0.06,0.21,0.56,0.15,0.03,0,0.65,0.12,0,0,0.02,0,0.02,0,0.01
2018-10,30.5,51.62,9.11,3.16,3.16,0.16,0.06,0.22,0.62,0.15,0.03,0,1.06,0.11,0,0,0.02,0,0.01,0,0.01
2018-11,29.65,47.98,8.63,8.17,3.06,0.16,0.06,0.21,0.59,0.14,0.02,0.01,1.16,0.11,0,0,0.02,0,0.01,0,0.01
2018-12,29.51,51.51,8.88,4.58,2.89,0.14,0.05,0.2,0.62,0.13,0.02,0.01,1.22,0.1,0,0,0.13,0,0.01,0,0.01
2019-01,28.93,50.91,9.66,5.1,2.89,0.14,0.05,0.2,0.62,0.13,0.02,0.01,1.23,0.1,0,0,0.02,0,0.01,0,0
2019-02,29.28,50.12,9.81,5.22,3.15,0.14,0.05,0.2,0.67,0.13,0.02,0.01,1.08,0.09,0,0,0.02,0,0.01,0,0
2019-03,32.57,50.67,9.2,1.56,3.7,0.12,0.04,0.19,0.7,0.12,0.02,0,0.98,0.07,0,0,0.02,0,0.01,0,0
2019-04,33.42,49.51,9.57,1.76,3.72,0.09,0.04,0.16,0.68,0.1,0.02,0,0.82,0.07,0,0,0.02,0,0.01,0,0
2019-05,33.46,49.24,9.27,2.21,3.74,0.08,0.03,0.15,0.68,0.1,0.02,0,0.87,0.07,0,0,0.02,0,0.01,0,0
2019-06,30.12,52.72,8.93,2.83,3.34,0.08,0.03,0.15,0.66,0.09,0.01,0,0.92,0.07,0,0,0.02,0,0.01,0,0
2019-07,29.52,52.64,8.86,3.52,3.38,0.07,0.02,0.14,0.68,0.09,0.01,0,0.94,0.07,0,0,0.02,0,0.01,0,0
2019-08,29.97,53.36,9.11,2.37,3.34,0.06,0.02,0.15,0.72,0.08,0.01,0,0.69,0.07,0,0,0.02,0,0.02,0,0
2019-09,29.14,55.01,9.35,1.53,3.39,0.05,0.02,0.13,0.72,0.08,0.01,0,0.46,0.06,0,0,0.02,0,0.01,0,0
2019-10,27.72,56.52,9.21,1.49,3.53,0.05,0.01,0.12,0.65,0.07,0.01,0,0.53,0.05,0,0,0.03,0,0.01,0,0
2019-11,29.48,54.97,8.41,1.6,3.87,0.04,0.01,0.13,0.7,0.07,0.01,0,0.62,0.05,0,0,0.02,0,0.02,0,0
2019-12,30.8,53.63,8.6,1.46,4.03,0.04,0.01,0.13,0.7,0.06,0.01,0,0.44,0.04,0,0,0.02,0,0.02,0,0
2020-01,31.07,53.33,9.07,0.96,4.22,0.04,0.01,0.15,0.76,0.06,0.01,0,0.27,0.03,0,0,0.03,0,0.02,0,0
2020-02,31.47,51.72,10.02,0.93,4.54,0.02,0.01,0.12,0.78,0.03,0.01,0,0.29,0.02,0,0,0.03,0,0.02,0,0
2020-03,31.56,51.35,10.16,0.88,4.8,0,0,0.09,0.67,0,0.01,0,0.42,0.02,0,0,0.03,0,0.02,0,0
2020-04,29.8,52.17,11.54,0.94,4.6,0.02,0,0.13,0.54,0.02,0.01,0,0.16,0.02,0,0,0.03,0,0.02,0,0.01
2020-05,31.63,50.41,11.22,1.06,4.55,0.02,0,0.15,0.6,0.02,0.01,0,0.25,0.02,0,0,0.03,0,0.02,0,0
2020-06,33.12,49.22,10.74,1.19,4.72,0.02,0,0.14,0.61,0.02,0,0,0.15,0.02,0,0,0.03,0,0.02,0,0
2020-07,32.31,50.05,10.68,1.5,4.42,0.01,0,0.14,0.67,0.02,0,0,0.11,0.02,0,0,0.03,0,0.02,0,0
2020-08,31.8,50.08,10.95,1.73,4.4,0.02,0,0.16,0.68,0.02,0,0,0.09,0.02,0,0,0.03,0,0.02,0,0
2020-09,32.59,50.34,10.45,1.1,4.52,0.01,0.01,0.15,0.66,0.02,0,0,0.09,0.01,0,0,0.04,0,0.02,0,0
2020-10,32.91,49.14,10.43,2.17,4.4,0.01,0.01,0.15,0.63,0.02,0,0,0.08,0.01,0,0,0.03,0,0.02,0,0
2020-11,27.51,51.39,11.73,5.42,2.85,0.01,0.01,0.18,0.64,0.02,0,0,0.17,0.01,0,0,0.04,0,0.02,0,0
2020-12,27.63,55.79,11.3,1.47,2.71,0.01,0,0.18,0.66,0.02,0,0,0.16,0.01,0,0,0.04,0,0.02,0,0
2021-01,27.11,55.4,11.88,1.68,2.82,0.01,0,0.2,0.67,0.02,0,0,0.13,0.01,0,0,0.04,0,0.02,0,0
2021-02,27.17,55,11.78,2,2.85,0.01,0,0.22,0.67,0.02,0,0,0.18,0.01,0,0,0.06,0,0.02,0,0
2021-03,28.03,53.51,11.92,2.32,3,0.01,0,0.23,0.68,0.02,0,0,0.18,0.01,0,0,0.06,0,0.02,0,0
2021-04,27.33,53.87,11.71,2.85,2.98,0.01,0,0.23,0.68,0.02,0.01,0,0.21,0.01,0,0,0.05,0,0.02,0,0
2021-05,25.99,54.7,11.6,3.4,3.01,0.01,0,0.25,0.71,0.02,0,0,0.22,0.01,0,0,0.06,0,0.02,0,0
2021-06,26.61,53.24,11.56,4.1,3.08,0.01,0,0.26,0.82,0.03,0,0,0.21,0.01,0,0,0.06,0,0.02,0,0.01
2021-07,26.45,53.15,11.64,4.37,3.01,0.01,0,0.26,0.76,0.03,0,0,0.23,0.01,0,0,0.06,0,0.02,0,0
2021-08,27.03,55.02,11.67,1.82,3.07,0.01,0,0.26,0.77,0.02,0,0,0.23,0.01,0,0,0.06,0,0.02,0,0
2021-09,27.53,54.55,11.36,2.1,3.04,0.01,0,0.25,0.81,0.02,0,0,0.22,0.01,0,0,0.07,0,0.03,0,0.01
2021-10,27.56,54.22,11.39,2.5,2.97,0.01,0,0.25,0.83,0.02,0,0,0.14,0.01,0,0,0.07,0,0.02,0,0
2021-11,27.04,54.1,11.5,3.02,3,0.01,0,0.25,0.79,0.02,0,0,0.18,0.01,0,0,0.07,0,0.02,0,0
2021-12,26.95,53.23,12.01,3.54,2.9,0.01,0,0.26,0.81,0.02,0,0,0.17,0.01,0,0,0.07,0,0.02,0,0
2022-01,27.45,53.59,12.56,2,2.97,0.01,0,0.26,0.83,0.02,0,0,0.19,0.01,0,0,0.1,0,0.02,0,0
2022-02,26.62,54.19,12.87,1.81,3.01,0.01,0,0.26,0.83,0.01,0,0,0.23,0,0,0,0.11,0,0.02,0,0
2022-03,26.62,54.03,12.77,1.98,3.05,0.01,0,0.27,0.95,0.01,0,0,0.19,0,0,0,0.09,0,0.01,0,0
2022-04,25.63,54.47,13.04,2.4,3.01,0.01,0,0.27,0.91,0.02,0,0,0.16,0,0,0,0.07,0,0.02,0,0
2022-05,24.13,56.04,13.26,2.33,2.87,0.01,0,0.26,0.84,0.01,0,0,0.16,0,0,0,0.07,0,0.01,0,0
2022-06,23.66,57.05,12.94,2.39,2.69,0.01,0,0.26,0.8,0.01,0,0,0.1,0,0,0,0.07,0,0.01,0,0
2022-07,22.53,57.37,13.36,2.82,2.52,0.01,0,0.25,0.98,0.01,0,0,0.07,0,0,0,0.06,0,0.01,0,0
2022-08,23.72,56.53,12.55,3.11,2.6,0.01,0,0.25,1.09,0.01,0,0,0.05,0,0,0,0.07,0,0.01,0,0
2022-09,23.88,57.48,12.11,2.47,2.51,0.01,0,0.22,1.16,0.02,0,0,0.05,0,0,0,0.07,0,0.01,0,0
2022-10,23.84,58.45,11.93,1.7,2.57,0.01,0,0.23,1.08,0.01,0,0,0.1,0,0,0,0.08,0,0.01,0,0
2022-11,22.74,59.54,11.95,2.05,2.24,0.01,0,0.22,1.06,0.01,0,0,0.09,0,0,0,0.08,0,0.01,0,0
2022-12,23.22,58.64,12.19,2.29,2.12,0,0,0.24,1.07,0.01,0,0,0.13,0,0,0,0.07,0,0.01,0,0
2023-01,23.77,57.98,11.72,2.68,2.25,0,0,0.22,1.14,0.01,0,0,0.13,0,0,0,0.08,0,0.01,0,0
2023-02,22.31,58.05,12.74,3.01,2.26,0,0,0.22,1.14,0.01,0,0,0.17,0,0,0,0.08,0,0.01,0,0
2023-03,22.38,56.19,13.42,3.89,2.46,0,0,0.25,1.15,0.01,0,0,0.14,0,0,0,0.1,0,0.01,0,0
2023-04,21.28,52.35,14.4,7.46,2.6,0,0,0.29,1.33,0.01,0,0,0.14,0,0,0,0.11,0,0.01,0,0
2023-05,22.85,49.53,14.69,8.01,2.85,0,0,0.3,1.37,0.01,0,0,0.23,0,0,0,0.13,0,0.01,0,0
2023-06,21.52,56.41,15.56,1.72,2.76,0,0,0.29,1.39,0.01,0,0,0.22,0,0,0,0.1,0,0.01,0,0
2023-07,22.22,56.37,14.55,2.03,2.74,0,0,0.28,1.47,0.01,0,0,0.18,0,0,0,0.12,0,0.01,0,0.01
2023-08,22.46,55.94,14.41,2.34,2.7,0,0,0.27,1.62,0.01,0,0,0.12,0,0,0,0.1,0,0.01,0,0
2023-09,22.82,54.17,15.18,2.87,2.84,0,0,0.27,1.58,0.01,0,0,0.13,0,0,0,0.12,0,0.01,0,0
2023-10,23.38,54.27,15.07,2.38,2.84,0,0,0.27,1.52,0.01,0,0,0.14,0,0,0,0.1,0,0.01,0,0
2023-11,23.62,54.86,14.87,1.62,2.89,0,0,0.28,1.59,0.01,0,0,0.15,0,0,0,0.09,0,0.01,0,0
2023-12,23.58,55.2,14.21,2.05,2.74,0,0,0.28,1.64,0.01,0,0,0.18,0,0,0,0.09,0,0.01,0,0
2024-01,23.2,54.25,15.09,2.4,2.86,0,0,0.27,1.61,0.01,0,0,0.19,0,0,0,0.08,0,0.01,0,0
2024-02,21.76,55.2,15.34,2.69,2.76,0,0,0.28,1.68,0.01,0,0,0.18,0,0,0,0.08,0,0.01,0,0
2024-03,22.08,54.63,15.34,2.9,2.75,0,0,0.31,1.74,0.01,0,0,0.16,0,0,0,0.07,0,0.01,0,0
2024-04,22.55,55.34,14.78,2.43,2.72,0,0,0.3,1.59,0.01,0,0,0.14,0,0,0,0.11,0,0.01,0,0.01
2024-05,22.89,55.34,14.6,2.18,2.84,0,0,0.31,1.54,0.01,0,0,0.19,0,0,0,0.09,0,0.01,0,0
2024-06,22.5,55.29,14.39,2.64,2.93,0,0,0.29,1.64,0.01,0,0,0.16,0,0,0,0.13,0,0.01,0,0
2024-07,21.75,55.34,14.76,2.99,2.79,0,0,0.29,1.82,0.01,0,0,0.13,0,0,0,0.11,0,0.01,0,0
2024-08,21.53,56.19,14.42,2.78,2.82,0,0,0.28,1.77,0.01,0,0,0.09,0,0,0,0.1,0,0.01,0,0
2024-09,22.13,57.35,13.71,1.68,2.77,0,0,0.27,1.83,0.01,0,0,0.05,0,0,0,0.18,0,0.01,0,0
2024-10,22.56,57.37,13.19,1.91,2.75,0,0,0.26,1.74,0.01,0,0,0.04,0,0,0,0.15,0,0,0,0
2024-11,20.8,59.32,12.99,2.29,2.63,0,0,0.25,1.54,0,0,0,0.03,0,0,0,0.12,0,0.01,0,0
2024-12,20.48,58.92,13.52,2.68,2.54,0,0,0.25,1.45,0,0,0,0.03,0,0,0,0.12,0,0.01,0,0
2025-01,19.94,57.88,14.75,3.21,2.59,0,0,0.25,1.21,0,0,0,0.03,0,0,0,0.12,0,0.01,0,0
2025-02,20.29,56.74,15.04,3.38,3,0,0,0.22,1.17,0,0,0,0.03,0,0,0,0.11,0,0.01,0,0
2025-03,19.93,58.53,14.68,2.84,2.24,0,0,0.16,1.21,0,0,0,0.03,0,0,0.28,0.1,0,0.01,0,0
2025-04,19.43,59.56,13.8,3.3,1.62,0,0,0.12,1.25,0.01,0,0,0.02,0,0,0.8,0.09,0,0.01,0,0
2025-05,19.92,58.56,13.83,3.73,1.55,0,0,0.11,1.19,0.01,0,0,0.02,0,0,0.95,0.12,0,0.01,0,0
2025-06,22.39,56.42,13.06,4.07,1.61,0,0,0.1,1.16,0,0,0,0.02,0,0,1.04,0.12,0,0.01,0,0
2025-07,27.61,52.53,11.35,4.65,1.58,0,0,0.08,1.17,0,0,0,0.01,0,0,0.86,0.14,0,0,0,0
2025-08,23.91,55.61,10.79,5.72,1.62,0,0,0.08,1.17,0,0,0,0.02,0,0,0.88,0.17,0,0,0,0
2025-09,22.71,58.19,9.77,5.71,1.62,0,0,0.08,0.95,0,0,0,0.03,0,0,0.77,0.17,0,0,0,0
2025-10,26.19,51.3,10.39,7.13,2.8,0,0,0.08,1.05,0,0,0,0.03,0,0,0.86,0.16,0,0.01,0,0
2025-11,29.29,48.08,10.05,8.25,2.2,0,0,0.09,1.07,0,0,0,0.03,0,0,0.77,0.16,0,0,0,0
2025-12,27.05,48.97,10.69,9.46,1.48,0,0,0.08,1.33,0,0,0,0.03,0,0,0.77,0.13,0,0,0,0
2026-01,27.56,47.12,11.36,9.74,1.48,0,0,0.1,1.59,0,0,0,0.02,0,0,0.86,0.14,0,0.01,0,0
2026-02,26.4,46.35,12.94,10.42,1.32,0,0,0.09,1.17,0,0,0,0.01,0,0,1.1,0.19,0,0.01,0,0
2026-03,19.95,50.29,14.1,11.5,1.51,0,0,0.08,1.24,0,0,0,0.01,0,0,1.17,0.14,0,0.01,0,0
2026-04,25.92,45.8,13.36,11.07,1.45,0,0,0.02,1.28,0,0,0,0.01,0,0,0.92,0.16,0,0.01,0,0
