"Date","Windows","iOS","OS X","Android","Linux","Chrome OS","Unknown","BlackBerry OS","Playstation","SymbianOS","macOS","Xbox","Series 40","Samsung","Nintendo","","webOS","Sony Ericsson","Nintendo 3DS","Other"
2009-01,91.8,0.45,6.58,0.01,0.6,0,0.28,0.02,0.18,0.05,0,0,0,0,0.02,0,0,0,0,0.02
2009-02,91.16,0.5,7.19,0.04,0.53,0,0.21,0.1,0.18,0.03,0,0,0,0,0.03,0,0,0,0,0.02
2009-03,90.02,0.67,7.94,0.05,0.57,0,0.27,0.14,0.23,0.04,0,0,0,0,0.04,0,0,0,0,0.03
2009-04,89.18,0.8,8.47,0.05,0.63,0,0.32,0.16,0.28,0.04,0,0,0,0,0.04,0,0,0,0,0.03
2009-05,89.66,0.72,8.05,0.05,0.6,0,0.37,0.18,0.27,0.04,0,0,0,0,0.03,0,0,0,0,0.03
2009-06,87.85,0.83,9.41,0,0.73,0,0.46,0.24,0.34,0.05,0,0,0,0,0.04,0,0,0,0,0.03
2009-07,87.73,0.9,9.46,0.07,0.74,0,0.28,0.28,0.41,0.03,0,0,0,0.01,0.05,0,0,0,0,0.04
2009-08,87.58,0.9,9.68,0.07,0.7,0,0.21,0.24,0.43,0.03,0,0,0,0.03,0.05,0,0.01,0.01,0,0.05
2009-09,87.43,0.81,9.98,0.08,0.7,0,0.21,0.23,0.34,0.05,0,0,0,0.03,0.06,0,0.02,0.01,0,0.05
2009-10,87.09,0.78,10.45,0.08,0.63,0,0.2,0.23,0.35,0.04,0,0,0,0.03,0.05,0,0.02,0.01,0,0.04
2009-11,86.04,0.86,11.11,0.12,0.65,0,0.29,0.34,0.38,0.05,0,0,0,0.03,0.06,0,0.02,0.01,0,0.04
2009-12,85.99,0.95,10.94,0.17,0.66,0,0.37,0.31,0.4,0.05,0,0,0,0.03,0.06,0,0.02,0.02,0,0.04
2010-01,84.87,1.17,11.69,0.22,0.68,0,0.35,0.38,0.4,0.07,0,0,0,0.04,0.06,0,0.02,0.02,0,0.04
2010-02,84.5,1.22,12.04,0.27,0.67,0,0.24,0.51,0.32,0.06,0,0,0,0.04,0.06,0,0.02,0.02,0,0.04
2010-03,84.95,1.14,11.53,0.32,0.68,0,0.23,0.63,0.29,0.06,0,0,0,0.04,0.06,0,0.02,0.02,0,0.03
2010-04,84.31,1.22,11.81,0.33,0.7,0,0.29,0.76,0.32,0.07,0,0,0,0.05,0.06,0,0.03,0.02,0,0.03
2010-05,84.23,1.37,11.58,0.26,0.69,0,0.42,0.82,0.34,0.07,0,0,0,0.09,0.06,0,0.04,0.02,0,0.01
2010-06,84.52,1.54,10.94,0.28,0.69,0,0.42,0.92,0.36,0.08,0,0,0,0.09,0.07,0,0.04,0.03,0,0.01
2010-07,84.31,1.7,10.7,0.56,0.68,0,0.26,1.08,0.35,0.11,0,0,0,0.08,0.07,0,0.04,0.03,0,0.02
2010-08,82.99,1.97,11.28,0.75,0.69,0,0.22,1.35,0.35,0.13,0,0,0,0.09,0.07,0,0.05,0.04,0,0.02
2010-09,82.3,2.02,12.02,0.89,0.68,0,0.24,1.14,0.32,0.14,0,0,0,0.09,0.06,0,0.04,0.04,0,0.02
2010-10,81.45,2.18,12.32,1.01,0.66,0,0.25,1.4,0.32,0.16,0,0,0,0.09,0.06,0,0.04,0.05,0,0.02
2010-11,80.62,2.28,12.68,1.12,0.66,0,0.25,1.64,0.31,0.16,0,0,0,0.1,0.06,0,0.04,0.05,0,0.02
2010-12,79.89,2.57,12.88,1.29,0.67,0,0.26,1.64,0.35,0.17,0,0,0,0.11,0.07,0,0.04,0.05,0,0.02
2011-01,79.34,2.96,12.96,1.42,0.66,0,0.26,1.5,0.34,0.27,0,0,0,0.11,0.07,0,0.03,0.05,0,0.02
2011-02,79.06,3.01,13.27,1.54,0.67,0,0.25,1.28,0.32,0.33,0,0,0,0.11,0.06,0,0.03,0.06,0,0.02
2011-03,79.29,3.16,13,1.65,0.68,0,0.25,1.15,0.31,0.25,0,0,0,0.1,0.06,0,0.03,0.06,0,0.01
2011-04,78.42,3.42,12.95,1.79,0.68,0,0.28,1.42,0.32,0.4,0,0,0,0.11,0.06,0,0.03,0.08,0,0.01
2011-05,77.2,3.76,12.7,2.21,0.7,0.01,0.34,1.7,0.36,0.66,0,0,0,0.14,0.06,0,0.03,0.1,0,0.02
2011-06,77.3,3.97,12.49,2.37,0.71,0.01,0.31,1.28,0.35,0.85,0,0,0,0.17,0.07,0,0.02,0.1,0,0.02
2011-07,76.65,4.44,12.64,2.55,0.73,0.01,0.34,1.26,0.36,0.68,0,0,0,0.14,0.07,0,0.02,0.09,0,0.02
2011-08,77.4,4.28,12.54,2.62,0.74,0.01,0.25,1.06,0.36,0.48,0,0,0,0.12,0.07,0,0.02,0.06,0,0.01
2011-09,77.72,4.24,12.81,2.46,0.71,0.01,0.25,0.86,0.32,0.39,0,0,0,0.1,0.06,0,0.02,0.04,0,0.01
2011-10,77.48,4.41,12.99,2.55,0.73,0.01,0.25,0.72,0.3,0.35,0,0,0,0.09,0.06,0,0.04,0.03,0,0.01
2011-11,78.35,4.65,12.04,2.57,0.68,0.01,0.17,0.65,0.26,0.4,0,0,0,0.08,0.05,0,0.05,0.03,0,0.02
2011-12,76.82,5.2,12.29,3.05,0.72,0.01,0.21,0.7,0.28,0.45,0,0,0,0.09,0.06,0,0.05,0.03,0.01,0.03
2012-01,75.41,6.09,12.68,3.4,0.69,0.01,0.2,0.66,0.26,0.32,0,0,0,0.09,0.05,0,0.05,0.03,0.03,0.03
2012-02,75.08,6.39,12.95,3.47,0.68,0.01,0.19,0.63,0.1,0.28,0,0,0,0.07,0.05,0,0.05,0.02,0.02,0.03
2012-03,74.55,6.59,13.15,3.38,0.72,0.01,0.24,0.64,0.14,0.24,0,0,0,0.07,0.05,0.11,0.04,0.02,0.03,0.02
2012-04,73.96,6.82,13.36,3.45,0.74,0.01,0.15,0.58,0.24,0.2,0,0,0.05,0.06,0.05,0.22,0.04,0.02,0.03,0.02
2012-05,73.71,7.22,12.92,3.67,0.73,0.01,0.16,0.58,0.25,0.09,0,0,0.21,0.07,0.05,0.23,0.04,0.02,0.04,0.02
2012-06,74.58,7.48,11.86,3.64,0.7,0.01,0.17,0.53,0.27,0.08,0,0,0.21,0.06,0.05,0.24,0.04,0.02,0.04,0.02
2012-07,73.92,8.11,11.46,3.99,0.75,0.01,0.18,0.51,0.28,0.07,0,0,0.19,0.06,0.05,0.27,0.04,0.01,0.04,0.02
2012-08,72.73,8.45,12.22,4.16,0.72,0.01,0.18,0.49,0.28,0.06,0,0,0.2,0.05,0.05,0.27,0.03,0.01,0.05,0.02
2012-09,71.79,8.79,12.7,4.32,0.77,0.02,0.17,0.47,0.25,0.06,0,0,0.2,0.05,0.05,0.26,0.03,0.01,0.04,0.02
2012-10,71.09,9.08,12.91,4.46,0.77,0.02,0.18,0.45,0.26,0.08,0,0,0.25,0.07,0.04,0.24,0.03,0.01,0.04,0.02
2012-11,70.46,9.53,12.66,4.81,0.75,0.02,0.2,0.44,0.25,0.1,0,0,0.31,0.09,0.04,0.24,0.03,0.01,0.04,0.02
2012-12,69.19,10.35,12.33,5.64,0.72,0.02,0.23,0.42,0.26,0.12,0,0,0.34,0.11,0.05,0.1,0.03,0.02,0.05,0.02
2013-01,68.78,10.88,12.13,5.83,0.85,0.04,0.23,0.4,0.25,0.1,0,0,0.28,0.08,0.05,0,0.03,0.01,0.04,0.02
2013-02,68.05,11.58,11.95,5.93,0.95,0.04,0.26,0.39,0.22,0.09,0,0,0.29,0.09,0.05,0,0.02,0.01,0.05,0.02
2013-03,68.31,11.63,11.52,6.06,0.98,0.05,0.28,0.37,0.21,0.09,0,0,0.26,0.09,0.05,0,0.02,0.01,0.05,0.02
2013-04,71.87,9.99,10.57,5.18,1.19,0.04,0.23,0.31,0.17,0.07,0,0,0.17,0.06,0.04,0,0.02,0.01,0.05,0.02
2013-05,70.62,10.28,10.83,5.36,1.68,0.05,0.27,0.33,0.18,0.07,0,0,0.15,0.06,0.05,0,0.02,0.01,0.03,0.02
2013-06,66.7,11.91,11.81,6.23,1.8,0.05,0.35,0.48,0.21,0.07,0,0,0.16,0.06,0.06,0,0.02,0.01,0.04,0.02
2013-07,65.8,12.7,11.53,6.8,1.53,0.07,0.22,0.68,0.23,0.06,0,0,0.15,0.05,0.07,0,0.02,0.01,0.04,0.04
2013-08,66.81,12.06,11.28,6.72,1.47,0.07,0.23,0.75,0.21,0.05,0,0,0.13,0.05,0.06,0,0.02,0.01,0.02,0.04
2013-09,69.09,11.35,10.57,6.27,1.12,0.08,0.25,0.74,0.17,0.05,0,0,0.12,0.06,0.05,0,0.02,0.01,0.02,0.04
2013-10,68.85,11.33,10.37,6.51,1.19,0.09,0.31,0.78,0.15,0.06,0,0,0.14,0.07,0.05,0,0.01,0.02,0.02,0.04
2013-11,66.78,12.51,10.44,7.3,1.25,0.11,0.29,0.79,0.14,0.05,0,0,0.14,0.06,0.05,0,0.01,0.01,0.02,0.04
2013-12,60.48,15.34,11.37,9.43,1.34,0.22,0.25,0.92,0.16,0.06,0,0.03,0.18,0.08,0.05,0,0.01,0.01,0.02,0.05
2014-01,57.82,16.89,12.01,9.98,1.41,0.31,0.19,0.76,0.15,0.06,0,0.04,0.18,0.07,0.05,0,0.01,0.01,0.01,0.04
2014-02,57.4,16.99,12.1,10.07,1.41,0.35,0.35,0.64,0.17,0.06,0,0.06,0.2,0.07,0.05,0,0.01,0.01,0.01,0.04
2014-03,58.3,16.93,11.5,9.92,1.31,0.36,0.47,0.46,0.16,0.06,0,0.06,0.26,0.09,0.05,0,0.01,0.01,0.01,0.04
2014-04,58.95,16.12,11.86,9.67,1.52,0.38,0.4,0.39,0.15,0.06,0,0.06,0.24,0.08,0.05,0,0.01,0.01,0.01,0.04
2014-05,58.6,16.15,11.32,10.23,1.77,0.39,0.45,0.38,0.15,0.06,0,0.06,0.26,0.08,0.05,0,0.01,0.01,0.01,0.04
2014-06,57.04,17.53,10.47,11.53,1.44,0.35,0.49,0.42,0.15,0.06,0,0.07,0.26,0.06,0.06,0,0.01,0.01,0.01,0.04
2014-07,57.53,17.58,10.3,11.22,1.52,0.33,0.44,0.39,0.13,0.06,0,0.07,0.24,0.06,0.06,0,0.01,0.01,0.01,0.04
2014-08,54.57,19.18,10.54,12.32,1.54,0.37,0.43,0.37,0.13,0.05,0,0.08,0.24,0.06,0.06,0,0.01,0,0.01,0.04
2014-09,53.32,20.27,10.75,12.31,1.53,0.44,0.46,0.35,0.11,0.04,0,0.06,0.21,0.05,0.04,0,0.01,0,0.01,0.04
2014-10,51.9,20.72,10.77,13.43,1.43,0.47,0.48,0.31,0.12,0.03,0,0.06,0.15,0.03,0.04,0,0.01,0,0.01,0.03
2014-11,52.55,19.18,10.66,14.33,1.36,0.53,0.58,0.34,0.15,0.02,0,0.07,0.11,0.02,0.04,0,0.01,0,0.02,0.03
2014-12,55.07,18.16,9.24,14.39,1.42,0.49,0.55,0.29,0.11,0.02,0,0.06,0.09,0.02,0.04,0,0.01,0,0.01,0.03
2015-01,51.95,19.51,10.51,14.58,1.52,0.62,0.56,0.28,0.14,0.02,0,0.08,0.09,0.02,0.05,0,0.01,0,0.01,0.04
2015-02,51.5,19.67,10.58,14.79,1.58,0.63,0.54,0.26,0.13,0.02,0,0.08,0.1,0.02,0.04,0,0.01,0,0.01,0.04
2015-03,50.78,19.34,11.75,14.34,1.93,0.64,0.54,0.26,0.12,0.02,0,0.07,0.11,0.01,0.04,0,0.01,0,0.01,0.04
2015-04,53.34,16.84,12.25,13.53,2.16,0.67,0.58,0.22,0.12,0.02,0,0.06,0.11,0.01,0.03,0,0,0,0.01,0.04
2015-05,51.97,16.27,14.32,13.64,1.91,0.71,0.62,0.19,0.12,0.02,0,0.06,0.08,0.01,0.03,0,0,0,0.01,0.06
2015-06,51.66,17.24,13.28,14.14,1.87,0.5,0.76,0.18,0.12,0.02,0,0.06,0.07,0.01,0.03,0,0,0,0.01,0.07
2015-07,48.66,20.43,11.21,16.08,1.48,0.46,1.01,0.23,0.13,0.02,0,0.07,0.08,0.01,0.03,0,0.01,0,0.01,0.07
2015-08,49.33,20.72,10.28,15.99,1.43,0.56,1.01,0.22,0.14,0.02,0,0.09,0.07,0.01,0.03,0,0,0,0.01,0.07
2015-09,50.63,19.36,10.78,15.4,1.38,0.85,1.02,0.19,0.13,0.01,0,0.07,0.07,0.01,0.02,0,0,0,0.01,0.07
2015-10,50.8,18.61,11.14,15.21,1.24,0.99,1.4,0.2,0.12,0.02,0,0.06,0.08,0.01,0.02,0,0,0,0.01,0.08
2015-11,51.04,18.85,10.88,15.02,1.12,0.98,1.6,0.17,0.12,0.01,0,0.06,0.06,0.01,0.02,0,0,0,0.01,0.06
2015-12,50.11,18.9,11.72,15,1,0.97,1.79,0.19,0.12,0.01,0,0.06,0.04,0.02,0.02,0,0,0,0.01,0.06
2016-01,51.82,19.16,9.63,15.02,0.98,0.97,1.97,0.14,0.12,0.01,0,0.06,0.04,0.02,0.02,0,0,0,0.01,0.05
2016-02,50.49,19.81,10.01,15.14,0.92,1.08,2.04,0.16,0.14,0.01,0,0.08,0.04,0.02,0.02,0,0,0,0.01,0.05
2016-03,50.9,19.51,9.86,15.8,0.86,1.04,1.5,0.21,0.13,0.01,0,0.06,0.04,0.02,0.02,0,0,0,0.01,0.04
2016-04,50.81,19.23,9.77,15.84,1.02,1.04,1.67,0.29,0.14,0.01,0,0.07,0.03,0.02,0.02,0,0,0,0,0.04
2016-05,48.8,20.19,9.76,16.7,0.84,1.11,1.91,0.31,0.18,0.01,0,0.07,0.04,0.02,0.02,0,0,0,0.01,0.05
2016-06,48.05,20.61,10.06,16.92,0.86,0.72,2.16,0.26,0.16,0.01,0,0.07,0.03,0.02,0.02,0,0,0,0.01,0.05
2016-07,44.15,22.2,9.65,19.25,0.9,0.59,2.64,0.25,0.15,0.01,0,0.08,0.04,0.03,0.02,0,0,0,0.01,0.05
2016-08,44.6,21.81,10.05,18.41,0.87,0.71,2.97,0.21,0.16,0.01,0,0.08,0.03,0.03,0.02,0,0,0,0.01,0.05
2016-09,44.33,20.74,10.1,18.73,0.82,1.2,3.42,0.22,0.19,0.01,0,0.07,0.03,0.03,0.02,0,0,0,0.01,0.09
2016-10,42.06,22.32,11.59,18.41,0.72,1.37,2.88,0.24,0.16,0.01,0,0.08,0.05,0.03,0.02,0,0,0,0.01,0.05
2016-11,41.22,23.31,10.82,20.28,0.76,1.41,1.61,0.23,0.15,0.01,0,0.07,0.04,0.04,0.02,0,0,0,0.01,0.05
2016-12,40.4,24.44,10.29,21.29,0.76,1.33,0.93,0.18,0.15,0.01,0,0.08,0.03,0.05,0.02,0,0,0,0.01,0.04
2017-01,41.41,24.51,10.44,20.25,0.74,1.34,0.76,0.17,0.14,0.01,0,0.08,0.02,0.05,0.01,0,0,0,0.01,0.04
2017-02,40.73,24.88,10.69,20.28,0.77,1.46,0.65,0.15,0.15,0.01,0,0.08,0.02,0.05,0.01,0,0,0,0.01,0.04
2017-03,39.51,25.66,10.4,21.16,0.73,1.44,0.6,0.14,0.14,0,0,0.08,0.02,0.06,0.01,0,0,0,0.01,0.04
2017-04,39.17,25.46,10.78,21.12,0.95,1.32,0.67,0.13,0.16,0,0,0.08,0.02,0.07,0.01,0,0,0,0.01,0.04
2017-05,39.97,24.88,10.58,20.98,0.82,1.43,0.82,0.12,0.16,0,0,0.08,0.02,0.07,0.01,0,0,0,0.01,0.04
2017-06,38.29,26.25,9.8,22.84,0.82,0.81,0.66,0.11,0.18,0,0,0.09,0.02,0.07,0.02,0,0,0,0.01,0.03
2017-07,36.42,27.04,9.62,24.08,0.85,0.66,0.74,0.1,0.19,0.01,0,0.1,0.02,0.1,0.02,0,0,0,0.01,0.04
2017-08,36.44,27.1,10.25,23.2,0.83,0.84,0.79,0.09,0.2,0,0,0.11,0.02,0.07,0.02,0,0,0,0.01,0.04
2017-09,37.39,24.96,10.38,22.81,0.83,1.36,0.77,0.08,0.23,0,0,1.03,0.02,0.07,0.01,0,0,0,0,0.03
2017-10,39.74,24.29,11.09,20.9,0.81,1.57,0.48,0.08,0.23,0,0,0.71,0.02,0.03,0.01,0,0,0,0,0.03
2017-11,39.91,25.16,11.39,20.18,0.85,1.61,0.44,0.06,0.23,0,0,0.1,0.01,0.03,0.01,0,0,0,0,0.03
2017-12,38.32,25.75,11.18,21.64,0.75,1.42,0.5,0.06,0.21,0,0,0.09,0.01,0.03,0.01,0,0,0,0,0.02
2018-01,40.18,24.32,10.9,21.51,0.71,1.45,0.6,0.05,0.13,0,0,0.07,0.01,0.03,0.01,0,0,0,0,0.02
2018-02,40.6,24.58,9.96,21.47,0.76,1.65,0.67,0.05,0.13,0,0,0.06,0.01,0.03,0.01,0,0,0,0,0.02
2018-03,38.18,26.46,10.09,21.58,0.8,1.7,0.85,0.04,0.15,0,0,0.07,0.01,0.04,0.01,0,0,0,0,0.02
2018-04,38.64,24.86,10.82,22.02,0.85,1.73,0.75,0.04,0.15,0,0,0.07,0.01,0.04,0.01,0,0,0,0.01,0.02
2018-05,38.38,24.95,10.66,22.23,0.78,2.06,0.61,0.04,0.14,0,0,0.07,0.01,0.03,0.01,0,0,0,0.01,0.02
2018-06,38.88,25.13,10.08,22.98,0.86,1.1,0.62,0.03,0.14,0,0,0.07,0.01,0.04,0.01,0,0,0,0.01,0.02
2018-07,38.12,25.64,9.5,24.1,0.86,0.73,0.72,0.03,0.15,0,0,0.07,0,0.04,0.01,0,0,0,0.01,0.02
2018-08,39.2,25.42,9.84,22.58,0.79,1.11,0.71,0.03,0.17,0,0,0.07,0.01,0.04,0.01,0,0,0,0.01,0.01
2018-09,38.26,25.73,10.23,22.24,0.71,1.86,0.68,0.03,0.13,0,0,0.06,0.01,0.04,0.01,0,0,0,0,0.01
2018-10,38.03,25.49,10.86,20.37,0.8,2.11,2.06,0.02,0.11,0,0,0.06,0.01,0.04,0.01,0,0,0,0,0.01
2018-11,36.71,26.31,10.68,16.73,0.76,2.18,6.33,0.02,0.12,0,0,0.07,0.01,0.04,0.01,0,0,0,0.01,0.01
2018-12,36.22,26.6,10.04,20.15,0.78,2.15,3.78,0.02,0.12,0,0,0.07,0.01,0.04,0.01,0,0,0,0,0.01
2019-01,36.81,26.32,9.91,19.93,0.71,2.12,3.9,0.03,0.11,0,0,0.08,0,0.04,0.01,0,0,0,0,0.01
2019-02,36.79,25.76,10.7,19.34,0.7,2.31,4.07,0.03,0.11,0,0,0.1,0,0.05,0.01,0,0,0,0,0.01
2019-03,36.83,25.76,10.72,21.84,0.84,2.24,1.44,0.03,0.12,0,0,0.1,0,0.04,0.01,0,0,0,0,0.01
2019-04,36.57,25.87,10.66,21.8,0.77,2.31,1.71,0.03,0.11,0,0,0.1,0,0.04,0.01,0,0,0,0,0.01
2019-05,37.09,25.12,10.33,22.12,0.67,2.42,1.96,0.02,0.1,0,0,0.12,0,0.04,0,0,0,0,0,0.01
2019-06,35.5,26.42,9.66,23.95,0.66,1.15,2.27,0.02,0.12,0,0,0.2,0,0.04,0,0,0,0,0,0.01
2019-07,36.16,27,9.54,22.69,0.67,0.79,2.67,0.02,0.14,0,0,0.26,0,0.04,0,0,0,0,0,0.01
2019-08,35.8,27,9.76,22.42,0.69,1.4,2.67,0.02,0.1,0,0,0.08,0,0.04,0,0,0,0,0,0.01
2019-09,35.18,27.1,10.16,22.88,0.69,2.42,1.34,0.01,0.09,0,0,0.07,0,0.04,0,0,0,0,0,0.01
2019-10,35.14,25.01,11.36,23.9,0.81,2.61,0.96,0.01,0.08,0,0,0.06,0,0.04,0,0,0,0,0,0.01
2019-11,32.8,26.64,12.19,24.06,0.84,2.51,0.76,0.01,0.08,0,0,0.05,0,0.04,0,0,0,0,0,0.01
2019-12,29,29.66,10.96,26.43,0.82,2.19,0.76,0.01,0.07,0,0,0.05,0,0.04,0,0,0,0,0,0.01
2020-01,31.38,28.04,12.08,24.44,0.91,2.35,0.6,0.01,0.08,0,0,0.05,0,0.05,0,0,0,0,0,0.01
2020-02,32.04,27.82,12.47,23.73,0.86,2.33,0.52,0.01,0.08,0,0,0.09,0,0.06,0,0,0,0,0,0.01
2020-03,30.85,29.67,12.47,23.66,0.71,1.78,0.53,0.01,0.07,0,0,0.19,0,0.05,0,0,0,0,0,0.01
2020-04,29.79,31.05,12.26,23.95,0.7,1.38,0.53,0.01,0.07,0,0,0.2,0,0.05,0,0,0,0,0,0.01
2020-05,33.26,26.9,13.62,23.12,0.82,1.46,0.61,0.01,0.07,0,0,0.06,0,0.05,0,0,0,0,0,0.01
2020-06,34.16,25.87,13.69,23.4,0.85,1.13,0.69,0.01,0.07,0,0,0.07,0,0.06,0,0,0,0,0,0.01
2020-07,34.5,26.05,13.67,22.73,0.91,1.04,0.87,0.01,0.08,0,0,0.07,0,0.06,0,0,0,0,0,0.01
2020-08,34.13,26.27,13.56,22.47,0.89,1.45,0.98,0.01,0.08,0,0,0.07,0,0.06,0,0,0,0,0,0.01
2020-09,34.3,25.6,14.31,21.27,0.9,2.61,0.81,0.01,0.07,0,0,0.05,0,0.06,0,0,0,0,0,0.01
2020-10,34.3,25.34,14.73,20.96,0.83,2.75,0.91,0.01,0.06,0,0,0.05,0,0.06,0,0,0,0,0,0.01
2020-11,31.2,28.32,13.82,21.92,0.83,2.64,1.07,0.01,0.06,0,0,0.06,0,0.06,0,0,0,0,0,0.01
2020-12,30.85,28.9,14.06,22.18,0.87,2.3,0.65,0.01,0.06,0,0,0.05,0,0.07,0,0,0,0,0,0.01
2021-01,30.58,29.22,13.63,22.24,0.8,2.58,0.72,0,0.06,0,0,0.06,0,0.08,0,0,0,0,0,0.01
2021-02,31.69,27.98,13.8,21.85,0.83,2.7,0.9,0,0.06,0,0,0.06,0,0.12,0,0,0,0,0,0.01
2021-03,31.8,27.64,13.6,21.88,0.85,2.91,1.07,0,0.06,0,0,0.06,0,0.12,0,0,0,0,0,0.01
2021-04,31.74,27.35,13.18,22.19,1.1,2.88,1.32,0.01,0.06,0,0,0.05,0,0.11,0,0,0,0,0,0.01
2021-05,31.06,27.29,12.65,22.84,1.12,3.15,1.57,0,0.06,0,0,0.09,0,0.14,0,0,0,0,0,0.01
2021-06,31,27.61,12.71,23.39,1.12,1.94,1.93,0,0.06,0,0,0.09,0,0.14,0,0,0,0,0,0.01
2021-07,29.95,28.41,12.47,24.22,0.94,1.56,2.12,0,0.06,0,0,0.09,0,0.16,0,0,0,0,0,0.01
2021-08,31.04,27.58,12.66,24.2,0.89,2.31,0.99,0,0.06,0,0,0.1,0,0.15,0,0,0,0,0,0.01
2021-09,32.17,26.21,12.88,22.87,0.92,3.55,1.07,0,0.08,0,0,0.1,0,0.14,0,0,0,0,0,0.01
2021-10,32.03,26.68,12.84,22.78,0.92,3.4,1.17,0,0.05,0,0,0,0,0.13,0,0,0,0,0,0.01
2021-11,31.58,27.18,13.12,22.28,0.96,3.38,1.31,0,0.04,0,0,0,0,0.14,0,0,0,0,0,0.01
2021-12,30.64,28.81,12.37,22.65,0.88,2.76,1.68,0,0.05,0,0,0,0,0.14,0,0,0,0,0,0.01
2022-01,30.72,28.76,12.78,22.32,0.94,3.24,1.04,0,0.04,0,0,0,0,0.14,0,0,0,0,0,0.01
2022-02,30.47,27.99,12.39,23.64,0.97,3.35,0.99,0,0.04,0,0,0.01,0,0.13,0,0,0,0,0,0.01
2022-03,30.78,27.89,12.2,23.35,0.91,3.49,1.19,0,0.04,0,0,0.01,0,0.13,0,0,0,0,0,0.01
2022-04,29.91,28.94,11.57,24.11,0.96,2.84,1.47,0,0.04,0,0,0.01,0,0.14,0,0,0,0,0,0.01
2022-05,31.15,29.01,10.57,24.36,1.03,2.4,1.29,0,0.04,0,0,0.01,0,0.13,0,0,0,0,0,0.01
2022-06,31.3,29.12,10.46,25.1,1.03,1.62,1.17,0,0.04,0,0,0.01,0,0.14,0,0,0,0,0,0.01
2022-07,29.5,29.5,10.34,26.52,1.06,1.42,1.45,0,0.05,0,0,0.01,0,0.15,0,0,0,0,0,0.01
2022-08,31.25,29.03,10.43,24.69,1.1,1.9,1.4,0,0.04,0,0,0.01,0,0.14,0,0,0,0,0,0.01
2022-09,31.42,27.96,10.77,24.76,1.14,2.56,1.19,0,0.03,0,0,0,0,0.14,0,0,0,0,0,0.01
2022-10,31.64,27.2,11.5,24.87,1.12,2.57,0.92,0,0.03,0,0,0,0,0.14,0,0,0,0,0,0.01
2022-11,32.77,26.67,12.21,23.3,1.18,2.65,1.02,0,0.03,0,0,0,0,0.15,0,0,0,0,0,0.01
2022-12,31.92,27.38,11.51,23.9,1.24,2.65,1.2,0,0.03,0,0,0,0,0.16,0,0,0,0,0,0.01
2023-01,32.25,27.24,12.61,22.35,1.28,2.69,1.39,0,0.03,0,0,0,0,0.14,0,0,0,0,0,0.01
2023-02,30.94,26.55,13.92,22.2,1.25,3.35,1.6,0,0.03,0,0,0,0,0.13,0,0,0,0,0,0.01
2023-03,31.97,24.85,15.33,20.73,1.31,3.82,1.81,0,0.02,0.01,0,0,0,0.12,0,0,0,0,0,0.02
2023-04,32.76,22.85,17.99,17.08,1.31,4.64,3.2,0,0.02,0.01,0,0,0,0.12,0,0,0,0,0,0.02
2023-05,34.25,20.28,20.57,14.08,1.26,4.5,3.1,0,0.02,0,0,1.83,0,0.1,0,0,0,0,0,0.01
2023-06,35.71,18.97,20.49,15.74,1.25,4.92,0.67,0,0.02,0.01,0,2.13,0,0.09,0,0,0,0,0,0.02
2023-07,37.56,19.5,19.27,16.22,1.26,3.76,0.71,0,0.02,0,0,1.59,0,0.09,0,0,0,0,0,0.01
2023-08,38.21,19.03,19.46,15.79,1.3,3.91,0.74,0,0.01,0.01,0,1.44,0,0.09,0,0,0,0,0,0.02
2023-09,37.7,18.35,20.18,15.46,1.37,4.77,0.81,0,0.01,0.01,0,1.23,0,0.09,0,0,0,0,0,0.02
2023-10,38.37,17.73,20.32,14.65,1.42,5.27,0.72,0,0.01,0.01,0,1.41,0,0.09,0,0,0,0,0,0.02
2023-11,36.57,19.14,20.99,14.75,1.56,4.78,0.76,0,0.01,0.01,0,1.31,0,0.1,0,0,0,0,0,0.02
2023-12,34.59,26.47,13.7,18.74,1.83,3.11,1.25,0,0.02,0.01,0,0.13,0,0.13,0,0,0,0,0,0.02
2024-01,34.34,27.27,13.45,19.41,1.71,2.06,1.55,0,0.02,0.01,0,0.05,0,0.12,0,0,0,0,0,0.02
2024-02,32.55,27.92,12.81,20.35,1.84,2.54,1.77,0,0.02,0.01,0,0.04,0,0.12,0,0,0,0,0,0.02
2024-03,31.86,28.64,11.61,21.59,1.69,2.62,1.79,0,0.02,0,0,0.05,0,0.12,0,0,0,0,0,0.02
2024-04,32.97,27.23,11.48,22.09,1.77,2.82,1.43,0,0.02,0,0,0.05,0,0.12,0,0,0,0,0,0.01
2024-05,31,27.69,11.76,23.31,1.62,3.08,1.31,0,0.02,0,0,0.08,0,0.12,0,0,0,0,0,0.01
2024-06,30.53,28.15,11.63,23.44,1.69,2.08,2.2,0,0.02,0,0,0.13,0,0.13,0,0,0,0,0,0.01
2024-07,29.36,29.57,11.3,24.44,1.61,1.33,2.19,0,0.02,0,0,0.05,0,0.12,0,0,0,0,0,0.01
2024-08,28.75,29.92,11.81,23.72,1.84,1.82,1.94,0,0.01,0,0,0.05,0,0.12,0,0,0,0,0,0.01
2024-09,28.64,30.32,11.77,23.66,1.8,2.31,1.3,0,0.01,0,0,0.05,0,0.11,0,0,0,0,0,0.01
2024-10,26,30.16,10.62,28.13,1.72,2.08,1.14,0,0.01,0,0,0.04,0,0.09,0,0,0,0,0,0.01
2024-11,27.4,31.82,10.3,25.81,1.48,1.9,1.14,0,0.01,0,0,0.03,0,0.1,0,0,0,0,0,0.01
2024-12,30.85,27.51,9.7,26.89,1.78,1.69,1.41,0,0.01,0,0,0.04,0,0.11,0,0,0,0,0,0.01
2025-01,30.61,27.36,10.65,25.95,1.71,1.89,1.68,0,0.01,0,0,0.04,0,0.1,0,0,0,0,0,0.01
2025-02,30.16,27.94,11.14,24.83,1.97,1.98,1.82,0,0.01,0,0,0.04,0,0.1,0,0,0,0,0,0.01
2025-03,31.21,27.11,9.73,24.77,2.01,1.92,1.58,0,0.01,0,1.5,0.04,0,0.1,0,0,0,0,0,0.01
2025-04,31.69,27.19,7.41,24.1,2.2,1.97,1.66,0,0.02,0,3.62,0.04,0,0.09,0,0,0,0,0,0.01
2025-05,29.47,28.08,7.8,25.41,1.95,1.92,1.81,0,0.01,0,3.41,0.04,0,0.09,0,0,0,0,0,0.01
2025-06,28.16,28.03,7.65,27.01,2.1,1.15,2.24,0,0.01,0,3.5,0.04,0,0.1,0,0,0,0,0,0.01
2025-07,30.13,29.02,7.29,23.92,2.3,0.99,2.44,0,0.01,0,3.73,0.04,0,0.1,0,0,0,0,0,0.01
2025-08,30.95,27.83,7.33,23.99,2.07,1.54,2.45,0,0.01,0,3.67,0.04,0,0.1,0,0,0,0,0,0.01
2025-09,32.9,27.03,7.43,21.36,2.23,2.2,2.65,0,0.01,0,4.04,0.04,0,0.1,0,0,0,0,0,0.01
2025-10,33.25,24.12,13.16,19.07,1.94,1.94,2.6,0,0.01,0,3.79,0.03,0,0.09,0,0,0,0,0,0.01
2025-11,33.32,26.87,7.85,19.8,2.17,1.92,3.12,0,0.01,0,4.82,0.03,0,0.1,0,0,0,0,0,0.01
2025-12,31.54,27.63,7.68,19.47,2.65,1.74,4.01,0,0.02,0,5.08,0.06,0,0.11,0,0,0,0,0,0.01
2026-01,34.44,26.09,7.39,18.13,2.21,1.76,4.41,0,0.01,0,5.4,0.06,0,0.1,0,0,0,0,0,0.01
2026-02,32.94,27.85,7.82,18.47,1.46,2.04,4.29,0,0.01,0,4.98,0.05,0,0.09,0,0,0,0,0,0.01
2026-03,30.77,29.63,8.31,18.31,1.59,2.06,4.58,0,0.01,0,4.64,0,0,0.09,0,0,0,0,0,0.01
2026-04,31.39,29.27,8.06,18.22,1.39,2.09,5.16,0,0.01,0,4.35,0.03,0,0.02,0,0,0,0,0,0.01
