"Date","Windows","Android","iOS","OS X","Linux","Unknown","BlackBerry OS","Chrome OS","Playstation","SymbianOS","Samsung","Series 40","macOS","Sony Ericsson","Xbox","bada","Nokia Unknown","Nintendo","Other"
2009-01,94.99,0,0.19,3.31,0.91,0.22,0,0,0.12,0.24,0,0,0,0,0,0,0,0,0.01
2009-02,94.94,0,0.21,3.38,0.93,0.17,0.01,0,0.11,0.22,0,0,0,0,0,0,0,0.01,0.01
2009-03,94.73,0,0.26,3.47,0.97,0.18,0.02,0,0.11,0.23,0,0,0,0,0,0,0,0.01,0.01
2009-04,94.47,0.01,0.31,3.59,1,0.21,0.02,0,0.13,0.24,0,0,0,0,0,0,0,0.01,0.01
2009-05,94.39,0,0.27,3.59,1,0.3,0.03,0,0.13,0.27,0,0,0,0,0,0,0,0.01,0.01
2009-06,94.13,0,0.27,3.65,1.12,0.35,0.03,0,0.14,0.29,0,0,0,0,0,0,0,0.01,0.01
2009-07,93.89,0.01,0.28,3.84,1.31,0.24,0.04,0,0.17,0.17,0,0,0,0.02,0,0,0,0.01,0.01
2009-08,93.97,0.01,0.32,3.99,1.03,0.12,0.05,0,0.16,0.24,0.01,0,0,0.08,0,0,0,0.01,0.01
2009-09,93.73,0.02,0.31,4.25,1.04,0.12,0.05,0,0.16,0.23,0.01,0,0,0.07,0,0,0,0.02,0.01
2009-10,93.37,0.02,0.33,4.57,1.05,0.11,0.06,0,0.17,0.22,0.01,0,0,0.06,0,0,0,0.01,0.01
2009-11,92.99,0.02,0.36,4.76,1.11,0.2,0.07,0,0.18,0.21,0.01,0,0,0.06,0,0,0,0.01,0.01
2009-12,92.99,0.02,0.4,4.61,1.09,0.28,0.06,0,0.22,0.22,0.01,0,0,0.06,0,0,0,0.02,0.01
2010-01,92.43,0.03,0.5,5.06,1.11,0.25,0.08,0,0.19,0.23,0.02,0,0,0.07,0,0,0,0.02,0.01
2010-02,92.51,0.03,0.53,5.06,1.14,0.14,0.07,0,0.18,0.23,0.02,0,0,0.07,0,0,0,0.02,0.01
2010-03,92.28,0.04,0.53,5.18,1.18,0.14,0.11,0,0.19,0.24,0.02,0,0,0.07,0,0,0,0.02,0.01
2010-04,92.06,0.04,0.59,5.24,1.2,0.17,0.13,0,0.19,0.24,0.02,0,0,0.07,0,0,0,0.02,0.01
2010-05,91.83,0.03,0.66,5.34,1.23,0.2,0.15,0,0.19,0.23,0.03,0,0,0.08,0,0,0,0.02,0.01
2010-06,91.76,0.04,0.74,5.28,1.27,0.17,0.19,0,0.19,0.24,0.03,0,0,0.08,0,0,0,0.02,0.01
2010-07,91.64,0.12,0.83,5.18,1.23,0.13,0.25,0,0.21,0.26,0.03,0,0,0.09,0,0,0,0.02,0.01
2010-08,91.28,0.16,0.98,5.34,1.19,0.12,0.28,0,0.21,0.28,0.04,0,0,0.09,0,0,0,0.02,0.01
2010-09,91.17,0.18,0.92,5.59,1.12,0.12,0.31,0,0.18,0.26,0.04,0,0,0.08,0,0,0,0.01,0.01
2010-10,90.8,0.21,1,5.84,1.11,0.11,0.33,0,0.17,0.28,0.04,0,0,0.08,0,0,0,0.01,0.01
2010-11,90.55,0.24,1.02,5.96,1.13,0.1,0.39,0,0.16,0.28,0.04,0,0,0.08,0,0,0,0.01,0.02
2010-12,90.41,0.31,1.18,5.81,1.13,0.12,0.41,0,0.18,0.3,0.05,0,0,0.08,0,0,0,0.01,0.02
2011-01,90.02,0.36,1.34,6.12,1.09,0.1,0.36,0,0.17,0.27,0.05,0,0,0.07,0,0,0,0.01,0.02
2011-02,90.06,0.38,1.33,6.1,1.1,0.1,0.36,0,0.16,0.26,0.05,0,0,0.07,0,0,0,0.01,0.02
2011-03,89.86,0.42,1.39,6.15,1.12,0.1,0.39,0,0.15,0.27,0.05,0,0,0.07,0,0,0,0.01,0.02
2011-04,89.58,0.48,1.55,6.1,1.13,0.11,0.45,0,0.17,0.28,0.05,0,0,0.07,0,0.01,0,0.01,0.02
2011-05,88.97,0.57,1.69,6.34,1.21,0.12,0.48,0,0.18,0.29,0.04,0,0,0.07,0,0.02,0,0.01,0.02
2011-06,88.58,0.67,1.88,6.33,1.21,0.14,0.55,0,0.17,0.31,0.04,0,0,0.07,0,0.02,0,0.01,0.02
2011-07,88.35,0.79,2.1,6.14,1.18,0.13,0.62,0,0.19,0.33,0.05,0,0,0.07,0,0.02,0,0.01,0.02
2011-08,88.07,0.91,2.26,6.17,1.17,0.09,0.61,0,0.21,0.34,0.05,0,0,0.07,0,0.02,0,0.01,0.01
2011-09,87.88,0.91,2.26,6.44,1.2,0.1,0.54,0,0.2,0.33,0.04,0,0,0.06,0,0.02,0,0.01,0.01
2011-10,87.6,1.01,2.38,6.57,1.25,0.12,0.43,0,0.19,0.31,0.04,0,0,0.06,0,0.02,0,0.01,0.02
2011-11,87.23,1.12,2.57,6.55,1.28,0.09,0.48,0,0.18,0.34,0.04,0,0,0.06,0,0.02,0,0.01,0.02
2011-12,86.8,1.31,2.88,6.33,1.23,0.13,0.54,0,0.19,0.41,0.05,0,0,0.06,0,0.02,0,0.01,0.03
2012-01,86.1,1.46,3.24,6.61,1.2,0.11,0.55,0,0.17,0.37,0.05,0,0,0.06,0,0.03,0,0.01,0.03
2012-02,86,1.53,3.45,6.58,1.22,0.12,0.54,0,0.06,0.35,0.05,0,0,0.05,0,0.02,0,0.01,0.03
2012-03,85.57,1.64,3.63,6.56,1.23,0.19,0.56,0,0.08,0.38,0.05,0,0,0.05,0,0.02,0,0.01,0.03
2012-04,84.65,1.85,4.09,6.75,1.23,0.09,0.64,0,0.15,0.36,0.05,0.02,0,0.05,0,0.03,0,0.01,0.04
2012-05,84.2,1.94,4.23,6.93,1.29,0.09,0.61,0,0.14,0.29,0.05,0.1,0,0.04,0,0.03,0,0.01,0.03
2012-06,83.65,2.25,4.61,6.79,1.29,0.08,0.61,0,0.15,0.27,0.05,0.12,0,0.04,0,0.03,0,0.01,0.03
2012-07,83.34,2.45,4.94,6.57,1.26,0.09,0.64,0,0.16,0.24,0.05,0.14,0,0.04,0,0.03,0,0.01,0.04
2012-08,82.75,2.81,5.22,6.53,1.25,0.1,0.61,0,0.18,0.23,0.05,0.15,0,0.03,0,0.03,0,0.01,0.04
2012-09,82.2,2.98,5.3,6.9,1.26,0.11,0.57,0,0.16,0.22,0.05,0.14,0,0.03,0,0.03,0,0.01,0.04
2012-10,82.17,3.01,5.21,6.99,1.29,0.11,0.54,0,0.16,0.22,0.05,0.14,0,0.03,0,0.03,0,0.01,0.03
2012-11,81.65,3.27,5.47,7.01,1.29,0.12,0.53,0,0.15,0.21,0.05,0.14,0,0.03,0,0.03,0,0.01,0.03
2012-12,81.08,3.75,5.81,6.71,1.26,0.15,0.54,0,0.16,0.21,0.06,0.16,0,0.03,0,0.03,0,0.01,0.04
2013-01,80.29,4.11,6.13,6.91,1.27,0.14,0.49,0,0.15,0.19,0.05,0.15,0,0.03,0,0.03,0,0.01,0.03
2013-02,79.75,4.36,6.54,6.9,1.3,0.13,0.37,0,0.14,0.18,0.05,0.17,0,0.03,0,0.03,0,0.01,0.03
2013-03,79.41,4.59,6.75,6.71,1.3,0.13,0.4,0,0.14,0.18,0.06,0.22,0,0.03,0,0.04,0,0.01,0.03
2013-04,78.89,4.69,6.84,6.96,1.37,0.14,0.42,0.01,0.14,0.17,0.05,0.22,0,0.02,0,0.03,0,0.01,0.03
2013-05,77.95,4.93,7.2,7.2,1.47,0.13,0.42,0.01,0.14,0.17,0.05,0.24,0,0.02,0,0.03,0,0.02,0.03
2013-06,77.5,5.11,7.45,7.13,1.49,0.14,0.43,0.01,0.13,0.17,0.05,0.29,0,0.02,0,0.03,0,0.02,0.03
2013-07,77.08,5.6,7.7,6.76,1.56,0.11,0.48,0.01,0.15,0.16,0.05,0.23,0,0.03,0,0.03,0,0.02,0.03
2013-08,76.45,6.12,7.92,6.64,1.62,0.11,0.46,0.01,0.16,0.16,0.05,0.19,0,0.02,0,0.03,0,0.02,0.03
2013-09,76.84,6.1,7.62,6.81,1.42,0.12,0.44,0.01,0.12,0.15,0.06,0.19,0,0.02,0,0.03,0,0.02,0.03
2013-10,76.34,6.37,7.44,6.78,1.42,0.22,0.53,0.02,0.11,0.23,0.1,0.33,0,0.04,0,0.03,0,0.01,0.03
2013-11,76.39,6.48,7.74,6.7,1.43,0.12,0.54,0.02,0.11,0.14,0.06,0.17,0,0.02,0,0.03,0,0.01,0.03
2013-12,74.08,7.79,8.57,6.6,1.43,0.13,0.57,0.04,0.12,0.17,0.09,0.3,0,0.03,0.01,0.03,0.01,0.02,0.03
2014-01,71.88,8.7,9.03,6.92,1.46,0.2,0.51,0.06,0.11,0.24,0.19,0.55,0,0.03,0.02,0.03,0.03,0.02,0.03
2014-02,71.24,9.27,9.18,6.83,1.41,0.33,0.47,0.06,0.14,0.23,0.18,0.51,0,0.03,0.02,0.03,0.03,0.02,0.03
2014-03,70.88,9.53,9.53,7,1.44,0.37,0.45,0.07,0.13,0.15,0.07,0.24,0,0.03,0.02,0.04,0,0.02,0.03
2014-04,70.49,9.65,9.4,7.26,1.64,0.35,0.42,0.08,0.13,0.14,0.07,0.24,0,0.03,0.02,0.04,0,0.02,0.04
2014-05,66.28,12.65,10.85,6.93,1.73,0.45,0.39,0.08,0.11,0.12,0.06,0.22,0,0.03,0.02,0.03,0,0.01,0.03
2014-06,64.79,13.37,12.32,6.39,1.53,0.48,0.41,0.08,0.1,0.12,0.05,0.21,0,0.02,0.02,0.03,0,0.02,0.03
2014-07,61.66,15.59,13.97,5.91,1.32,0.49,0.38,0.09,0.09,0.1,0.05,0.2,0,0.02,0.03,0.03,0,0.02,0.03
2014-08,62.77,14.99,12.85,6.25,1.44,0.51,0.42,0.1,0.12,0.11,0.05,0.25,0,0.02,0.03,0.03,0.01,0.02,0.03
2014-09,61.84,15.81,13.04,6.34,1.39,0.52,0.39,0.11,0.1,0.1,0.05,0.21,0,0.02,0.02,0.03,0.01,0.02,0.03
2014-10,58.35,18.44,14.2,6.16,1.29,0.64,0.31,0.11,0.1,0.08,0.04,0.18,0,0.02,0.02,0.02,0.01,0.01,0.02
2014-11,59.29,18.04,13.28,6.52,1.31,0.6,0.3,0.12,0.11,0.08,0.04,0.19,0,0.02,0.02,0.03,0.01,0.02,0.03
2014-12,58.64,18.27,13.82,6.3,1.38,0.6,0.33,0.12,0.12,0.08,0.04,0.19,0,0.01,0.03,0.02,0.01,0.02,0.03
2015-01,62.62,15.34,11.75,7.07,1.57,0.57,0.33,0.13,0.15,0.08,0.04,0.2,0,0.01,0.04,0.02,0.01,0.02,0.04
2015-02,62.74,15.07,11.77,7.09,1.66,0.6,0.3,0.14,0.17,0.08,0.04,0.2,0,0.01,0.05,0.02,0.01,0.02,0.03
2015-03,62.84,15.24,11.01,7.35,1.84,0.66,0.31,0.13,0.15,0.09,0.04,0.19,0,0.01,0.04,0.02,0.01,0.02,0.03
2015-04,63.37,15.17,10.57,7.19,1.92,0.74,0.31,0.14,0.17,0.07,0.04,0.18,0,0.01,0.04,0.02,0.02,0.02,0.03
2015-05,61.89,16.09,11.15,7.31,1.81,0.73,0.31,0.15,0.13,0.07,0.04,0.15,0,0.01,0.03,0.02,0.04,0.01,0.04
2015-06,61.44,16.38,11.25,7.26,1.77,0.84,0.38,0.14,0.11,0.07,0.04,0.14,0,0.01,0.03,0.02,0.06,0.01,0.03
2015-07,60.42,17.45,11.95,6.44,1.59,1,0.4,0.14,0.13,0.07,0.05,0.15,0,0.01,0.04,0.02,0.07,0.02,0.04
2015-08,60.45,17.3,12,6.49,1.62,0.97,0.42,0.14,0.16,0.07,0.05,0.15,0,0.01,0.04,0.02,0.07,0.01,0.03
2015-09,62.03,16.18,11.02,7.15,1.61,0.96,0.37,0.15,0.14,0.06,0.04,0.13,0,0.01,0.03,0.02,0.06,0.01,0.02
2015-10,61.19,16.63,10.82,7.44,1.58,1.27,0.36,0.16,0.14,0.06,0.05,0.13,0,0.01,0.04,0.02,0.07,0.01,0.03
2015-11,60.6,16.75,11.23,7.53,1.5,1.41,0.3,0.16,0.13,0.05,0.05,0.12,0,0.01,0.03,0.02,0.07,0.01,0.02
2015-12,59.46,17.79,11.42,7.09,1.48,1.71,0.34,0.17,0.15,0.05,0.06,0.12,0,0.01,0.03,0.02,0.07,0.01,0.03
2016-01,58.3,18.38,11.92,7.07,1.38,1.97,0.3,0.17,0.16,0.05,0.06,0.1,0,0.01,0.03,0.01,0.06,0.01,0.02
2016-02,59.21,17.83,11.44,7.21,1.4,1.93,0.28,0.17,0.17,0.05,0.07,0.09,0,0.01,0.04,0.01,0.06,0.01,0.02
2016-03,58.3,19.12,11.63,7.17,1.37,1.43,0.28,0.17,0.17,0.05,0.07,0.1,0,0.01,0.03,0.01,0.06,0.01,0.02
2016-04,57.19,19.91,11.77,7.14,1.41,1.57,0.32,0.18,0.16,0.04,0.07,0.09,0,0.01,0.04,0.01,0.06,0.01,0.02
2016-05,55.58,20.84,12.17,7.28,1.36,1.72,0.33,0.18,0.17,0.04,0.07,0.09,0,0.01,0.04,0.01,0.07,0.01,0.02
2016-06,54.98,21.21,12.54,7.14,1.36,1.85,0.26,0.16,0.17,0.04,0.07,0.08,0,0.01,0.04,0.01,0.06,0.01,0.02
2016-07,52.74,23.21,13.09,6.5,1.35,2.19,0.26,0.14,0.17,0.04,0.07,0.09,0,0.01,0.04,0.01,0.06,0.01,0.02
2016-08,52.34,23.57,12.87,6.47,1.3,2.54,0.23,0.15,0.19,0.04,0.07,0.08,0,0.01,0.05,0.01,0.06,0.01,0.02
2016-09,52.93,22.76,12.39,6.95,1.32,2.77,0.21,0.18,0.18,0.03,0.07,0.07,0,0.01,0.04,0.01,0.05,0.01,0.02
2016-10,53.76,21.9,12.3,7.5,1.32,2.38,0.19,0.19,0.17,0.03,0.07,0.06,0,0.01,0.05,0.01,0.05,0.01,0.02
2016-11,53.5,22.58,12.6,7.67,1.34,1.49,0.17,0.2,0.18,0.03,0.06,0.06,0,0,0.05,0.01,0.04,0.01,0.02
2016-12,52.45,23.57,13.24,7.29,1.36,1.23,0.15,0.2,0.2,0.03,0.07,0.06,0,0,0.05,0.01,0.05,0.01,0.02
2017-01,51.97,23.39,13.97,7.45,1.29,1.1,0.12,0.23,0.2,0.02,0.07,0.05,0,0,0.06,0.01,0.04,0.01,0.02
2017-02,51.81,23.54,13.83,7.71,1.24,0.99,0.13,0.25,0.22,0.02,0.07,0.05,0,0,0.06,0.01,0.04,0.01,0.02
2017-03,51.74,23.58,13.73,7.9,1.3,0.93,0.1,0.28,0.21,0.02,0.07,0.04,0,0,0.06,0.01,0.03,0.01,0.02
2017-04,50.13,25.19,14.13,7.46,1.26,0.99,0.08,0.25,0.24,0.02,0.07,0.04,0,0,0.07,0,0.04,0.01,0.02
2017-05,49.83,25.1,14.26,7.67,1.3,1.01,0.08,0.28,0.22,0.02,0.07,0.04,0,0,0.06,0,0.04,0.01,0.02
2017-06,49.2,26.38,14.07,7.2,1.35,1,0.07,0.23,0.21,0.02,0.07,0.05,0,0,0.06,0.01,0.04,0.01,0.02
2017-07,47.53,28.31,14.12,6.79,1.33,1.13,0.07,0.19,0.23,0.02,0.08,0.05,0,0,0.07,0,0.05,0.01,0.02
2017-08,47.3,27.99,14.48,6.84,1.4,1.18,0.07,0.19,0.22,0.02,0.09,0.05,0,0,0.08,0.01,0.04,0.01,0.02
2017-09,48.27,27.15,14.02,7.33,1.29,1.09,0.07,0.26,0.19,0.02,0.09,0.04,0,0,0.11,0,0.04,0.01,0.02
2017-10,47.91,26.82,14.38,7.96,1.23,0.78,0.05,0.33,0.23,0.02,0.09,0.04,0,0,0.1,0,0.03,0.01,0.01
2017-11,48.75,25.91,14.18,8.31,1.24,0.79,0.04,0.34,0.18,0.02,0.08,0.04,0,0,0.06,0,0.03,0.01,0.01
2017-12,47.69,26.8,14.78,7.73,1.24,0.94,0.05,0.31,0.2,0.02,0.09,0.04,0,0,0.07,0,0.03,0,0.01
2018-01,47.52,27.21,14.61,7.78,1.09,1.03,0.04,0.3,0.17,0.02,0.09,0.03,0,0,0.05,0,0.03,0,0.01
2018-02,47.19,27.58,14.49,7.77,1.11,1.1,0.04,0.28,0.19,0.02,0.09,0.03,0,0,0.05,0,0.03,0,0.01
2018-03,45.78,28.96,14.85,7.41,1.07,1.2,0.04,0.27,0.18,0.01,0.09,0.03,0,0,0.05,0,0.03,0,0.01
2018-04,46.71,28.58,13.9,7.76,1.19,1.15,0.04,0.25,0.18,0.01,0.1,0.03,0,0,0.04,0,0.03,0,0.02
2018-05,46.4,29.38,13.46,7.71,1.19,1.06,0.03,0.38,0.16,0.01,0.09,0.03,0,0,0.04,0,0.03,0,0.02
2018-06,46.36,30.31,12.7,7.55,1.22,1.09,0.03,0.39,0.13,0.01,0.09,0.03,0,0,0.03,0,0.03,0,0.02
2018-07,45.14,31.91,13.27,6.82,1.16,1.12,0.03,0.2,0.13,0.01,0.09,0.03,0,0,0.04,0,0.03,0,0.02
2018-08,44.83,31.66,13.74,6.92,1.23,1.03,0.02,0.18,0.16,0.01,0.11,0.02,0,0,0.04,0,0.02,0,0.02
2018-09,44.72,31.13,13.66,7.7,1.27,0.83,0.02,0.28,0.17,0.01,0.12,0.02,0,0,0.04,0,0.02,0,0.01
2018-10,45,27.4,14.22,8.5,1.19,2.9,0.01,0.35,0.18,0.01,0.13,0.02,0,0,0.05,0,0.01,0.01,0.01
2018-11,44.96,21.52,14.27,8.42,1.2,8.81,0.01,0.4,0.15,0.01,0.12,0.02,0,0,0.05,0,0.02,0.02,0.01
2018-12,44.6,27.82,14.23,7.96,1.25,3.26,0.01,0.47,0.16,0.01,0.13,0.02,0,0,0.05,0,0.02,0,0.01
2019-01,43.74,28.66,14.39,7.68,1.17,3.58,0.01,0.4,0.14,0.01,0.13,0.02,0,0,0.05,0,0.01,0,0.01
2019-02,43.24,28.76,14.23,8.02,1.13,3.84,0.01,0.37,0.15,0.01,0.13,0.01,0,0,0.06,0,0.01,0,0.01
2019-03,42.68,31.31,14.32,8.3,1.11,1.49,0.01,0.4,0.16,0.01,0.13,0.01,0,0,0.06,0,0.01,0,0.01
2019-04,42.57,31.37,14.16,8.26,1.12,1.72,0.02,0.37,0.16,0.01,0.13,0.01,0,0,0.07,0,0.01,0,0.01
2019-05,42.72,31.15,14.01,8.3,1.11,1.94,0.01,0.43,0.12,0,0.11,0.01,0,0,0.06,0,0.01,0,0.01
2019-06,41.9,31.51,14.57,7.87,1.08,2.36,0.01,0.37,0.11,0,0.11,0.01,0,0,0.07,0,0.01,0,0.01
2019-07,41.12,32.8,14.17,7.27,1.12,2.9,0.01,0.25,0.11,0,0.12,0.01,0,0,0.08,0,0.01,0,0.01
2019-08,40.3,33.86,14.52,6.82,1.08,2.83,0.01,0.26,0.1,0,0.12,0.01,0,0,0.05,0,0.01,0,0.01
2019-09,42.12,31.97,14.53,8.14,1.08,1.42,0.01,0.46,0.09,0,0.11,0.01,0,0,0.04,0,0.01,0,0.01
2019-10,41.33,32.69,13.85,9.2,1.13,1.06,0.01,0.47,0.09,0,0.1,0.01,0,0,0.04,0,0.01,0,0.01
2019-11,40.96,32.93,13.7,9.57,1.15,0.92,0.01,0.5,0.09,0,0.1,0.01,0,0,0.03,0,0.01,0,0.01
2019-12,40.81,33.03,14.33,9.08,1.14,0.92,0.01,0.41,0.09,0.01,0.11,0.01,0,0,0.03,0,0.01,0,0.01
2020-01,41.22,33.11,13.68,9.29,1.14,0.8,0.01,0.5,0.09,0,0.11,0.01,0,0,0.03,0,0.01,0,0.01
2020-02,40.16,33.33,14.14,9.76,1.18,0.71,0.01,0.46,0.09,0,0.1,0.01,0,0,0.05,0,0.01,0,0.01
2020-03,39.61,33.7,14.29,9.94,1.06,0.66,0.01,0.45,0.09,0,0.1,0,0,0,0.08,0,0,0,0
2020-04,38.86,33.59,15.21,9.96,0.96,0.71,0.01,0.42,0.09,0,0.08,0.01,0,0,0.08,0,0.01,0,0.01
2020-05,41.05,31.78,14.26,10.39,1.04,0.74,0.01,0.49,0.09,0,0.09,0.01,0,0,0.04,0,0.01,0,0.01
2020-06,40.24,33.69,13.45,9.97,1.13,0.85,0.01,0.42,0.08,0,0.11,0.01,0,0,0.04,0,0.01,0,0
2020-07,39.64,34.82,13.49,9.15,1.25,1.12,0.01,0.28,0.08,0,0.1,0.01,0,0,0.04,0,0.01,0,0.01
2020-08,38.81,35.18,14.1,8.85,1.19,1.27,0.01,0.32,0.09,0,0.12,0.01,0,0,0.04,0,0.01,0,0.01
2020-09,40.49,33.35,13.5,9.89,1.13,0.87,0.01,0.51,0.08,0,0.12,0.01,0,0,0.04,0,0.01,0,0.01
2020-10,42.89,29.12,14.66,10.74,0.97,0.78,0,0.62,0.07,0,0.1,0.01,0,0,0.03,0,0.01,0,0
2020-11,40.24,31.84,15.79,9.13,1.06,0.98,0,0.74,0.06,0,0.11,0.01,0,0,0.03,0,0.01,0,0
2020-12,39.26,32.93,16.11,8.98,1.03,0.86,0,0.6,0.07,0,0.11,0.01,0,0,0.03,0,0.01,0,0.01
2021-01,39.36,33.01,15.93,8.74,1.04,0.95,0,0.65,0.08,0,0.17,0.01,0,0,0.04,0,0.01,0,0
2021-02,40.43,31.73,15.52,8.87,1.2,1.06,0,0.71,0.11,0,0.31,0.01,0,0,0.05,0,0.01,0,0.01
2021-03,40.09,32.36,15.28,8.75,1.17,1.16,0,0.72,0.11,0,0.29,0,0,0,0.04,0,0.01,0,0
2021-04,39.86,32.49,15.26,8.53,1.31,1.38,0,0.7,0.11,0,0.3,0.01,0,0,0.04,0,0.01,0,0.01
2021-05,39.56,32.11,15.36,8.5,1.59,1.65,0,0.77,0.11,0,0.28,0.01,0,0,0.05,0,0.01,0,0.01
2021-06,38.47,33,15.33,8.04,1.99,2.09,0,0.62,0.1,0,0.29,0,0,0,0.04,0,0.01,0,0.01
2021-07,37.44,33.95,16.18,7.58,1.65,2.29,0,0.43,0.11,0,0.3,0,0,0,0.05,0,0.01,0,0.01
2021-08,36.96,35.64,16.36,7.45,1.62,1.09,0,0.43,0.09,0,0.29,0,0,0,0.05,0,0.01,0,0.01
2021-09,40.78,31.23,15.71,8.31,1.61,1.08,0,0.84,0.09,0,0.26,0,0,0,0.05,0,0,0,0.01
2021-10,40.25,30.02,17.94,8.28,1.19,1.14,0,0.89,0.05,0,0.22,0,0,0,0.01,0,0,0,0.01
2021-11,40.46,30.16,17.33,8.34,1.15,1.31,0,0.94,0.05,0,0.23,0,0,0,0.01,0,0,0,0
2021-12,39.19,30.8,17.89,8.05,1.12,1.71,0,0.87,0.05,0,0.29,0,0,0,0.01,0,0,0,0
2022-01,39.83,30.66,17.58,8.29,1.21,0.96,0,1.05,0.06,0,0.34,0,0,0,0.01,0,0,0,0.01
2022-02,39.96,30.97,17.13,8.28,1.13,0.8,0,1.3,0.06,0,0.35,0,0,0,0.01,0,0,0,0.01
2022-03,37.03,35.81,16.19,7.39,1.21,1,0,0.98,0.05,0,0.32,0,0,0,0.01,0,0,0,0.01
2022-04,34.74,38.96,15.8,6.85,1.26,1.32,0,0.71,0.06,0,0.27,0,0,0,0.01,0,0,0,0.01
2022-05,36.61,35.37,17.05,7.19,1.16,1.2,0,0.99,0.05,0,0.35,0,0,0,0.01,0,0,0,0.01
2022-06,37.15,34.74,17.41,7.01,1.12,1.15,0,0.95,0.05,0,0.4,0,0,0,0.01,0,0,0,0.01
2022-07,36.27,35.75,17.68,6.56,1.17,1.31,0,0.76,0.05,0,0.42,0,0,0,0.01,0,0,0,0.01
2022-08,35.53,36.12,17.74,6.52,1.22,1.55,0,0.82,0.05,0.01,0.42,0,0,0,0.01,0,0,0,0.01
2022-09,37.51,33.09,18.16,7.44,1.09,1.21,0,1.11,0.04,0.01,0.33,0,0,0,0.01,0,0,0,0.01
2022-10,38.7,30.75,19.65,7.8,0.99,0.82,0,1.03,0.04,0,0.2,0,0,0,0.01,0,0,0,0.01
2022-11,37.67,32.58,18.85,7.46,1.12,1.01,0,1.04,0.04,0,0.22,0,0,0,0.01,0,0,0,0.01
2022-12,35.77,34.42,19.18,7.1,1.15,1.24,0,0.85,0.04,0,0.25,0,0,0,0.01,0,0,0,0.01
2023-01,37.16,32.79,18.96,7.3,1.13,1.39,0,0.96,0.04,0,0.25,0,0,0,0.01,0,0,0,0.01
2023-02,36.81,33.15,18.43,7.36,1.17,1.63,0,1.14,0.04,0,0.25,0,0,0,0.01,0,0,0,0.01
2023-03,36.23,33.29,18.16,7.51,1.18,2.18,0,1.16,0.04,0,0.25,0,0,0,0.01,0,0,0,0.01
2023-04,34.93,31.28,18.7,7.11,1.21,5.04,0,1.43,0.04,0,0.25,0,0,0,0.01,0,0,0,0.01
2023-05,35.83,29.95,18.69,7.05,1.33,5.38,0,1.46,0.03,0,0.23,0,0,0,0.03,0,0,0,0.01
2023-06,35.18,35.02,18.93,7.01,1.42,1.14,0,0.97,0.03,0,0.24,0,0,0,0.04,0,0,0,0.01
2023-07,33.71,36.32,19.45,6.83,1.29,1.29,0,0.78,0.03,0,0.25,0,0,0,0.04,0,0,0,0.01
2023-08,35.44,35.23,18.73,6.69,1.26,1.42,0,0.89,0.03,0,0.25,0,0,0,0.04,0,0,0,0.01
2023-09,37.51,32.83,18.72,6.97,1.11,1.48,0,1.08,0.02,0,0.22,0,0,0,0.03,0,0,0,0.01
2023-10,36.24,33.92,19.09,7.25,1.07,1.28,0,0.88,0.02,0,0.22,0,0,0,0.03,0,0,0,0.01
2023-11,35.71,35.11,18.1,7.62,1.24,1.1,0,0.84,0.02,0,0.22,0,0,0,0.03,0,0,0,0.01
2023-12,34.14,35.54,18.35,8,1.36,1.53,0,0.81,0.02,0,0.22,0,0,0,0.03,0,0,0,0.01
2024-01,34.98,34.95,18.14,7.77,1.41,1.62,0,0.85,0.02,0,0.22,0,0,0,0.04,0,0,0,0.01
2024-02,35.91,34.81,17.48,7.32,1.36,1.57,0,1.24,0.02,0,0.23,0,0,0,0.04,0,0,0,0.01
2024-03,35.22,35.96,17.66,6.87,1.28,1.59,0,1.13,0.02,0,0.23,0,0,0,0.03,0,0,0,0.01
2024-04,35.58,35.69,17.54,6.93,1.33,1.36,0,1.28,0.02,0,0.23,0,0,0,0.03,0,0,0,0.01
2024-05,35.23,36.81,17.75,6.43,1.3,1.23,0,0.96,0.02,0,0.23,0,0,0,0.02,0,0,0,0.01
2024-06,33.36,38.69,17.62,6.34,1.36,1.52,0,0.82,0.02,0,0.23,0,0,0,0.02,0,0,0,0.01
2024-07,31.83,40.04,17.78,6.12,1.44,1.8,0,0.69,0.02,0,0.23,0,0,0,0.03,0,0,0,0.01
2024-08,30.97,39.57,18.96,6.37,1.45,1.65,0,0.75,0.02,0,0.23,0,0,0,0.03,0,0,0,0.01
2024-09,34.81,35.48,18.98,6.98,1.4,1.03,0,1.03,0.02,0,0.22,0,0,0,0.03,0,0,0,0.01
2024-10,36.52,33,19.51,7.38,1.42,1.01,0,0.91,0.02,0,0.2,0,0,0,0.03,0,0,0,0.01
2024-11,35.25,35.59,18.18,6.97,1.44,1.12,0,1.19,0.02,0,0.21,0,0,0,0.02,0,0,0,0.01
2024-12,33.9,36.48,18.84,6.66,1.43,1.36,0,1.05,0.02,0,0.23,0,0,0,0.03,0,0,0,0.01
2025-01,33.8,35.97,19.06,7,1.4,1.57,0,0.92,0.01,0,0.22,0,0,0,0.03,0,0,0,0.01
2025-02,33.18,36.5,18.81,7.31,1.48,1.78,0,0.66,0.02,0,0.22,0,0,0,0.03,0,0,0,0.01
2025-03,34.18,35.22,18.7,6.6,1.59,1.59,0,0.78,0.01,0,0.22,0,1.07,0,0.03,0,0,0,0.01
2025-04,33.73,34.89,18.93,4.61,1.75,1.81,0,0.73,0.02,0,0.23,0,3.26,0,0.03,0,0,0,0.01
2025-05,32.93,34.88,19.77,4.63,1.77,2.15,0,0.69,0.02,0,0.23,0,2.9,0,0.03,0,0,0,0.01
2025-06,32.34,35.73,19.35,4.59,1.88,2.59,0,0.61,0.02,0,0.25,0,2.62,0,0.03,0,0,0,0.01
2025-07,31.75,36.01,19.36,4.49,1.92,3.07,0,0.52,0.02,0,0.26,0,2.54,0,0.03,0,0,0,0.01
2025-08,30.35,36.47,19.54,4.54,2.29,3.57,0,0.58,0.02,0,0.27,0,2.33,0,0.04,0,0,0,0.01
2025-09,35.58,31.61,18.92,4.65,1.84,3.79,0,0.65,0.02,0,0.24,0,2.67,0,0.03,0,0,0,0.01
2025-10,36.18,30.03,18.69,5.57,1.85,3.97,0,0.58,0.02,0,0.22,0,2.85,0,0.02,0,0,0,0
2025-11,35.59,29.93,18.57,4.94,1.89,4.28,0,0.67,0.02,0,0.24,0,3.84,0,0.02,0,0,0,0.01
2025-12,33.07,30.26,20.05,5.3,2.14,4.82,0,0.76,0.02,0,0.24,0,3.29,0,0.03,0,0,0,0.01
2026-01,34.67,29.19,19.27,4.92,2.43,5.16,0,0.77,0.02,0,0.23,0,3.3,0,0.04,0,0,0,0.01
2026-02,35.07,30.05,19.1,4.69,1.74,5.71,0,0.7,0.02,0,0.21,0,2.67,0,0.03,0,0,0,0.01
2026-03,33.68,29.07,19.91,6.58,1.56,5.83,0,0.71,0.02,0,0.21,0,2.43,0,0,0,0,0,0.01
2026-04,33.26,29.05,20.23,5.71,1.68,6.84,0,0.76,0.01,0,0.05,0,2.37,0,0.02,0,0,0,0.01
