"Date","Windows","Android","OS X","iOS","Linux","Unknown","SymbianOS","Series 40","Samsung","BlackBerry OS","LG","Sony Ericsson","Playstation","Nokia Unknown","Chrome OS","macOS","Other"
2009-01,98.54,0,0.56,0.05,0.68,0.07,0.09,0,0,0,0,0,0.01,0,0,0,0
2009-02,98.49,0,0.6,0.05,0.7,0.05,0.1,0,0,0,0,0,0.01,0,0,0,0
2009-03,98.42,0,0.61,0.06,0.76,0.04,0.1,0,0,0,0,0,0.01,0,0,0,0
2009-04,98.47,0,0.56,0.06,0.76,0.05,0.08,0,0,0,0,0,0.01,0,0,0,0
2009-05,98.36,0,0.56,0.05,0.81,0.12,0.09,0,0,0,0,0,0.01,0,0,0,0
2009-06,98.22,0,0.59,0.06,0.86,0.17,0.1,0,0,0,0,0,0.01,0,0,0,0
2009-07,98.39,0,0.59,0.05,0.82,0.06,0.08,0,0,0,0,0,0.01,0,0,0,0
2009-08,98.31,0,0.61,0.05,0.87,0.04,0.09,0,0,0,0,0.01,0.01,0,0,0,0
2009-09,98.27,0,0.63,0.05,0.9,0.04,0.09,0,0,0,0,0.01,0.01,0,0,0,0
2009-10,98.24,0,0.64,0.05,0.89,0.07,0.09,0,0,0,0,0.01,0.01,0,0,0,0
2009-11,98.11,0,0.66,0.05,0.92,0.13,0.1,0,0,0,0,0.02,0.01,0,0,0,0
2009-12,98.14,0,0.66,0.05,0.81,0.18,0.11,0,0,0.01,0,0.02,0.01,0,0,0,0
2010-01,98.13,0,0.72,0.07,0.72,0.15,0.14,0,0,0.01,0,0.03,0.01,0,0,0,0
2010-02,98.04,0,0.81,0.08,0.76,0.06,0.17,0,0.01,0.01,0,0.04,0.01,0,0,0,0
2010-03,97.66,0.01,0.92,0.09,0.85,0.08,0.26,0,0.01,0.02,0,0.08,0.01,0,0,0,0
2010-04,97.57,0.01,0.92,0.09,0.84,0.23,0.23,0,0.01,0.02,0,0.06,0.02,0,0,0,0
2010-05,97.45,0.01,0.93,0.1,0.92,0.31,0.2,0,0.01,0.02,0,0.04,0.01,0,0,0,0
2010-06,97.62,0.01,0.94,0.11,0.92,0.09,0.21,0,0.01,0.02,0,0.05,0.02,0,0,0,0
2010-07,97.62,0.02,0.95,0.12,0.84,0.09,0.25,0,0.02,0.02,0,0.06,0.02,0,0,0,0
2010-08,97.3,0.03,0.99,0.13,0.94,0.12,0.34,0,0.03,0.03,0,0.08,0.02,0,0,0,0
2010-09,96.95,0.04,0.98,0.13,0.91,0.2,0.57,0,0.05,0.04,0,0.13,0.02,0,0,0,0
2010-10,96.63,0.05,0.98,0.15,0.88,0.24,0.75,0,0.07,0.04,0,0.17,0.02,0,0,0,0
2010-11,96.27,0.07,1.02,0.16,0.96,0.23,0.84,0,0.17,0.05,0,0.19,0.02,0,0,0,0
2010-12,96.19,0.09,1,0.18,0.86,0.23,0.88,0,0.32,0.05,0,0.18,0.02,0,0,0,0.01
2011-01,96.23,0.1,1.03,0.21,0.77,0.24,0.86,0,0.33,0.05,0,0.15,0.02,0,0,0,0.01
2011-02,96.03,0.12,1.06,0.22,0.85,0.27,0.88,0,0.35,0.06,0,0.14,0.02,0,0,0,0.01
2011-03,95.73,0.16,1.08,0.24,0.87,0.3,0.98,0,0.42,0.07,0,0.14,0.02,0,0,0,0.01
2011-04,95.55,0.19,1.06,0.24,0.88,0.34,1.04,0,0.46,0.07,0,0.15,0.02,0,0,0,0.01
2011-05,95.13,0.23,1.06,0.25,0.91,0.52,1.15,0,0.49,0.08,0,0.14,0.02,0,0,0,0.01
2011-06,94.89,0.29,1.03,0.27,0.84,0.6,1.29,0,0.53,0.09,0,0.14,0.01,0,0,0,0.02
2011-07,94.78,0.36,1.01,0.31,0.73,0.63,1.37,0,0.56,0.09,0,0.14,0.01,0,0,0,0.01
2011-08,94.48,0.45,1.03,0.33,0.8,0.64,1.44,0,0.58,0.1,0,0.13,0.01,0,0,0,0.02
2011-09,94.82,0.43,1.11,0.4,0.83,0.56,1.21,0,0.43,0.09,0,0.1,0.02,0,0,0,0.02
2011-10,94.89,0.54,1.18,0.47,0.89,0.42,1.07,0,0.35,0.08,0,0.08,0.02,0,0,0,0.03
2011-11,94.86,0.59,1.23,0.54,1,0.35,0.96,0,0.29,0.07,0,0.06,0.02,0,0,0,0.03
2011-12,94.55,0.73,1.3,0.63,0.91,0.37,1.01,0,0.29,0.09,0,0.06,0.02,0,0,0,0.03
2012-01,94.46,0.87,1.32,0.7,0.83,0.33,0.97,0,0.29,0.1,0,0.06,0.03,0,0,0,0.04
2012-02,94.23,0.99,1.42,0.8,0.93,0.32,0.9,0,0.21,0.1,0,0.05,0.01,0,0,0,0.04
2012-03,93.71,1.02,1.44,0.77,1,0.45,1.1,0,0.27,0.12,0,0.05,0.01,0,0,0,0.05
2012-04,93.98,1.06,1.47,0.82,0.96,0.34,0.84,0.09,0.21,0.11,0,0.04,0.02,0,0,0,0.05
2012-05,93.9,1.12,1.56,0.92,1.03,0.3,0.38,0.42,0.16,0.11,0,0.03,0.02,0,0,0,0.05
2012-06,93.68,1.25,1.56,1,1.01,0.3,0.37,0.45,0.16,0.12,0,0.03,0.02,0,0,0,0.05
2012-07,93.44,1.42,1.54,1.07,0.97,0.32,0.33,0.51,0.16,0.13,0,0.03,0.03,0,0,0,0.05
2012-08,92.94,1.65,1.61,1.15,1.07,0.33,0.33,0.52,0.16,0.14,0,0.03,0.03,0,0,0,0.06
2012-09,92.65,1.87,1.6,1.23,1.04,0.33,0.33,0.52,0.15,0.15,0,0.03,0.03,0,0,0,0.07
2012-10,92.38,2.03,1.67,1.28,1.05,0.34,0.33,0.51,0.14,0.15,0,0.03,0.03,0,0,0,0.07
2012-11,92.15,2.2,1.66,1.32,1.04,0.36,0.32,0.54,0.14,0.15,0,0.03,0.04,0,0,0,0.06
2012-12,91.58,2.6,1.68,1.46,1.02,0.37,0.31,0.57,0.12,0.16,0,0.03,0.04,0,0,0,0.06
2013-01,91.07,3.01,1.68,1.58,0.98,0.36,0.31,0.59,0.11,0.18,0,0.02,0.04,0,0,0,0.06
2013-02,90.19,3.34,1.7,1.85,1.19,0.36,0.31,0.61,0.11,0.21,0,0.02,0.03,0,0,0,0.07
2013-03,90.25,3.34,1.63,1.86,1.24,0.36,0.29,0.59,0.1,0.19,0,0.02,0.04,0,0,0,0.06
2013-04,90.71,3.21,1.56,1.77,1.16,0.35,0.25,0.62,0.09,0.16,0,0.02,0.04,0,0,0,0.06
2013-05,90.01,3.65,1.57,1.94,1.15,0.38,0.25,0.67,0.09,0.17,0,0.02,0.03,0,0,0,0.06
2013-06,88.9,4.35,1.65,2.23,1.07,0.4,0.27,0.73,0.1,0.19,0,0.02,0.03,0,0,0,0.06
2013-07,88.5,4.67,1.65,2.28,1.06,0.28,0.24,0.78,0.1,0.2,0.11,0.02,0.04,0,0,0,0.06
2013-08,87.7,5.19,1.7,2.38,1.14,0.29,0.24,0.81,0.1,0.2,0.13,0.02,0.04,0,0,0,0.06
2013-09,87.44,5.44,1.69,2.37,1.15,0.33,0.23,0.77,0.12,0.19,0.14,0.02,0.03,0,0,0,0.06
2013-10,85.28,6.35,1.72,2.38,1.4,0.79,0.3,0.86,0.28,0.24,0.24,0.05,0.03,0,0,0,0.06
2013-11,85.01,6.88,1.77,2.72,1.55,0.31,0.25,0.82,0.14,0.23,0.19,0.02,0.03,0.02,0.01,0,0.06
2013-12,83.51,8.26,1.74,2.9,1.35,0.31,0.25,0.94,0.13,0.24,0.2,0.02,0.03,0.02,0.01,0,0.06
2014-01,83.05,8.88,1.87,2.96,1.28,0.28,0.23,0.76,0.11,0.25,0.18,0.02,0.04,0.02,0.01,0,0.06
2014-02,82.93,8.74,1.99,2.89,1.27,0.47,0.21,0.84,0.09,0.24,0.16,0.02,0.04,0.02,0.01,0,0.06
2014-03,82.06,9.35,2.02,3.13,1.24,0.53,0.19,0.84,0.09,0.25,0.15,0.01,0.04,0.02,0.01,0,0.05
2014-04,81.29,9.93,2.25,3.09,1.39,0.48,0.17,0.78,0.08,0.25,0.15,0.01,0.04,0.02,0.02,0,0.05
2014-05,76.29,13.4,2.32,4.76,1.36,0.59,0.14,0.61,0.07,0.22,0.12,0.01,0.03,0.02,0.02,0,0.04
2014-06,77.03,12.87,2.56,3.85,1.48,0.54,0.17,0.87,0.08,0.29,0.14,0.01,0.03,0.02,0.02,0,0.04
2014-07,75.89,14.4,2.29,3.91,1.35,0.58,0.15,0.84,0.07,0.27,0.12,0.01,0.03,0.02,0.02,0,0.04
2014-08,76.02,14.44,2.2,4,1.28,0.54,0.14,0.82,0.06,0.27,0.11,0.01,0.03,0.02,0.02,0,0.04
2014-09,75.05,15.05,2.32,4.13,1.23,0.55,0.13,0.85,0.16,0.26,0.13,0.01,0.03,0.02,0.03,0,0.04
2014-10,73.66,16.59,1.97,4.53,1.3,0.8,0.09,0.54,0.09,0.21,0.08,0.01,0.03,0.02,0.03,0,0.03
2014-11,67.41,21.24,1.99,6.68,1.03,0.64,0.08,0.5,0.06,0.18,0.07,0.01,0.03,0.02,0.03,0,0.03
2014-12,70.09,19.89,2.11,5.02,1.08,0.6,0.09,0.61,0.09,0.21,0.08,0.01,0.03,0.02,0.03,0,0.04
2015-01,73.11,17.8,2.29,3.67,1.15,0.67,0.1,0.67,0.06,0.23,0.08,0.01,0.04,0.02,0.04,0,0.06
2015-02,72.48,18.3,2.45,3.58,1.19,0.7,0.1,0.69,0.04,0.24,0.08,0,0.04,0.03,0.04,0,0.05
2015-03,70.42,19.76,2.64,3.69,1.24,0.81,0.11,0.79,0.04,0.26,0.07,0,0.04,0.03,0.04,0,0.05
2015-04,70.7,19.54,2.36,3.74,1.25,0.91,0.1,0.78,0.1,0.26,0.08,0.01,0.04,0.05,0.04,0,0.05
2015-05,70.6,19.68,2.35,3.78,1.35,0.98,0.09,0.54,0.04,0.24,0.08,0,0.04,0.13,0.04,0,0.05
2015-06,69.59,19.92,2.74,3.91,1.42,1.13,0.12,0.45,0.03,0.22,0.09,0,0.04,0.24,0.04,0,0.05
2015-07,67.82,21.2,2.37,4.51,1.31,1.35,0.13,0.52,0.04,0.24,0.09,0,0.04,0.28,0.04,0,0.05
2015-08,66.63,22.31,2.51,4.34,1.31,1.47,0.14,0.49,0.04,0.25,0.09,0,0.04,0.28,0.04,0,0.05
2015-09,67.7,21.62,2.64,4.02,1.31,1.45,0.11,0.46,0.03,0.22,0.09,0,0.04,0.24,0.05,0,0.04
2015-10,66.82,21.87,3.08,3.93,1.27,1.67,0.11,0.51,0.04,0.21,0.09,0,0.04,0.27,0.05,0,0.04
2015-11,65.83,21.89,3.67,4.08,1.25,2,0.1,0.47,0.04,0.22,0.08,0,0.03,0.24,0.05,0,0.04
2015-12,64.47,22.59,3.64,4.08,1.21,2.61,0.1,0.48,0.04,0.3,0.09,0,0.04,0.25,0.05,0,0.05
2016-01,61.78,25.01,3.32,4.26,1.13,3.17,0.1,0.45,0.04,0.27,0.09,0,0.04,0.23,0.05,0,0.05
2016-02,63.97,22.55,3.92,3.91,1.13,3.19,0.1,0.46,0.04,0.26,0.09,0,0.04,0.24,0.05,0,0.04
2016-03,65.1,22.59,3.91,3.83,1.17,2.21,0.09,0.41,0.04,0.22,0.09,0,0.04,0.22,0.05,0,0.04
2016-04,63.71,23.76,3.94,3.89,1.15,2.37,0.09,0.39,0.04,0.22,0.09,0,0.04,0.22,0.05,0,0.04
2016-05,61.7,25.25,3.95,4.17,1.11,2.66,0.09,0.38,0.04,0.21,0.09,0,0.04,0.22,0.05,0,0.04
2016-06,63.18,23.89,4.1,3.78,1.19,2.8,0.07,0.34,0.04,0.21,0.06,0,0.05,0.21,0.05,0,0.04
2016-07,61.27,25.57,3.87,3.88,1.19,3.17,0.07,0.34,0.04,0.2,0.06,0,0.05,0.2,0.05,0,0.04
2016-08,60.32,26,4.37,3.61,1.2,3.55,0.06,0.31,0.04,0.18,0.05,0,0.05,0.18,0.05,0,0.03
2016-09,59.16,27.07,4.34,3.59,1.11,3.78,0.06,0.29,0.04,0.18,0.06,0,0.04,0.18,0.05,0,0.03
2016-10,57.5,29.08,3.99,3.6,1.08,3.83,0.05,0.27,0.04,0.16,0.06,0,0.05,0.18,0.06,0,0.03
2016-11,57.33,30.45,4.32,3.63,1.05,2.4,0.05,0.23,0.04,0.15,0.05,0,0.05,0.15,0.07,0,0.03
2016-12,55.66,32.14,4.39,4.46,1.01,1.51,0.05,0.23,0.04,0.12,0.07,0,0.06,0.15,0.08,0,0.03
2017-01,55.23,32.97,3.98,4.45,0.97,1.49,0.06,0.23,0.05,0.11,0.11,0,0.07,0.16,0.08,0,0.04
2017-02,56.28,31.96,4.55,4.05,0.97,1.26,0.06,0.23,0.06,0.1,0.13,0,0.08,0.16,0.07,0,0.04
2017-03,56.86,31.29,4.93,3.97,0.96,1.09,0.06,0.22,0.06,0.1,0.13,0,0.09,0.15,0.06,0,0.04
2017-04,55.79,32.31,4.76,4.14,1.02,1.12,0.06,0.21,0.06,0.1,0.11,0,0.09,0.14,0.06,0,0.04
2017-05,56.57,31.09,5.23,4.03,1.1,1.13,0.05,0.2,0.06,0.09,0.11,0,0.09,0.13,0.06,0,0.04
2017-06,55.97,31.74,5.23,3.92,1.19,1.11,0.05,0.19,0.07,0.08,0.11,0,0.09,0.12,0.07,0,0.05
2017-07,55.05,32.84,4.91,4.07,1.15,1.12,0.05,0.2,0.08,0.07,0.13,0,0.09,0.13,0.07,0,0.05
2017-08,55.76,32.05,5.29,3.74,1.17,1.16,0.05,0.18,0.09,0.08,0.13,0,0.08,0.12,0.06,0,0.04
2017-09,54.36,33.99,5.04,3.65,0.99,1.17,0.05,0.18,0.09,0.08,0.13,0,0.07,0.12,0.05,0,0.04
2017-10,54.93,32.9,5.44,3.79,1.04,1.06,0.05,0.17,0.09,0.06,0.14,0,0.1,0.12,0.06,0,0.05
2017-11,56.84,30.67,5.91,3.77,1.03,1,0.05,0.15,0.09,0.06,0.14,0,0.1,0.09,0.06,0,0.05
2017-12,54.97,32.71,5.54,3.99,0.92,1.03,0.04,0.16,0.1,0.06,0.16,0,0.11,0.09,0.07,0,0.05
2018-01,53.12,34.77,5.33,4.15,0.85,1.03,0.04,0.14,0.1,0.05,0.14,0,0.11,0.08,0.06,0,0.04
2018-02,54.77,32.87,5.75,4.01,0.87,1.03,0.03,0.12,0.11,0.04,0.11,0,0.12,0.06,0.06,0,0.04
2018-03,55.5,32.16,5.59,4.04,0.98,1.04,0.02,0.09,0.13,0.04,0.09,0,0.14,0.05,0.08,0,0.04
2018-04,57.26,30.09,6.3,3.8,0.99,0.99,0.02,0.08,0.1,0.04,0.09,0,0.1,0.04,0.05,0,0.04
2018-05,57.71,29.56,6.54,3.86,0.92,0.91,0.02,0.07,0.09,0.03,0.08,0,0.09,0.04,0.05,0,0.04
2018-06,57.33,30.11,6.31,3.84,0.89,0.99,0.02,0.07,0.11,0.03,0.08,0,0.09,0.04,0.05,0,0.03
2018-07,56.73,30.65,6.31,4,0.84,0.99,0.02,0.06,0.11,0.03,0.06,0,0.08,0.03,0.05,0,0.04
2018-08,56.64,30.47,6.64,3.84,0.89,1.08,0.02,0.06,0.1,0.03,0.04,0,0.08,0.03,0.05,0,0.03
2018-09,56.93,29.8,7.13,3.8,0.88,1.07,0.02,0.06,0.09,0.03,0.02,0,0.07,0.03,0.05,0,0.03
2018-10,56.7,27.75,7.72,3.98,0.91,2.58,0.01,0.05,0.09,0.02,0.02,0,0.07,0.02,0.05,0,0.03
2018-11,55.53,24.11,6.94,4.09,0.93,8,0.01,0.05,0.11,0.02,0.02,0,0.09,0.02,0.05,0,0.04
2018-12,56.37,27.14,6.35,4.13,1.02,4.19,0.01,0.05,0.11,0.02,0.02,0,0.09,0.02,0.44,0,0.04
2019-01,52.83,30.2,6.04,4.54,0.87,5.07,0.01,0.04,0.14,0.02,0.01,0,0.11,0.02,0.04,0,0.05
2019-02,54.56,27.48,7.7,4.11,0.85,4.86,0.01,0.04,0.15,0.02,0.01,0,0.11,0.01,0.04,0,0.05
2019-03,55.49,29.66,7.93,3.98,0.8,1.81,0.01,0.03,0.1,0.01,0.01,0,0.07,0.01,0.05,0,0.04
2019-04,58.12,27.18,8.37,3.48,0.78,1.77,0.01,0.03,0.07,0.01,0.01,0,0.06,0.01,0.04,0,0.05
2019-05,58.45,26.86,8.36,3.42,0.73,1.92,0.01,0.03,0.06,0.01,0.01,0,0.05,0.01,0.04,0,0.04
2019-06,56.02,28.97,8.02,3.69,0.76,2.27,0.01,0.03,0.06,0.01,0.01,0,0.06,0.01,0.04,0,0.05
2019-07,54.81,29.27,8.36,3.77,0.77,2.74,0.01,0.03,0.06,0.01,0.01,0,0.06,0.01,0.04,0,0.05
2019-08,55.76,28.04,8.47,3.93,0.85,2.7,0,0.02,0.06,0.01,0,0,0.06,0.01,0.05,0,0.02
2019-09,57.02,28.51,8.48,3.74,0.8,1.24,0,0.02,0.05,0.01,0,0,0.05,0.01,0.05,0,0.02
2019-10,56.64,29.69,8.4,3.37,0.79,0.85,0,0.02,0.09,0.01,0,0,0.07,0.01,0.05,0,0.02
2019-11,56.4,29.53,8.6,3.57,0.81,0.8,0,0.01,0.1,0.01,0,0,0.07,0,0.05,0,0.03
2019-12,54.3,31.94,8.21,3.75,0.71,0.86,0,0.01,0.07,0.01,0,0,0.06,0,0.04,0,0.02
2020-01,53.87,32.26,8.46,3.74,0.66,0.78,0,0.01,0.07,0.01,0,0,0.07,0,0.04,0,0.03
2020-02,53.74,32.11,8.69,3.75,0.7,0.72,0,0.01,0.09,0.01,0,0,0.08,0,0.04,0,0.04
2020-03,52.83,32.64,8.8,4.03,0.7,0.71,0,0,0.1,0.01,0,0,0.08,0,0.05,0,0.06
2020-04,45.44,40.67,6.99,4.95,0.75,0.82,0,0,0.12,0,0,0,0.11,0,0.06,0,0.08
2020-05,52.16,33.28,7.97,4.65,0.82,0.82,0,0,0.11,0,0,0,0.1,0,0.06,0,0.03
2020-06,53.24,32.83,8.11,4.08,0.7,0.8,0,0,0.09,0,0,0,0.06,0,0.05,0,0.02
2020-07,54.22,31.74,8.05,4.21,0.67,0.89,0,0,0.09,0,0,0,0.05,0,0.05,0,0.02
2020-08,54.61,31.42,7.99,4.15,0.67,0.96,0,0,0.07,0,0,0,0.05,0,0.05,0,0.02
2020-09,57.11,29.14,8.35,3.92,0.62,0.7,0,0,0.05,0,0,0,0.04,0,0.06,0,0.01
2020-10,57.83,28.57,7.92,4.12,0.65,0.72,0,0,0.05,0,0,0,0.04,0,0.06,0,0.02
2020-11,43.88,44.59,3.31,5.83,0.92,1.19,0,0.01,0.09,0.01,0,0,0.06,0,0.08,0,0.03
2020-12,40.94,47.65,2.94,6.14,0.92,1.13,0,0.01,0.1,0,0,0,0.07,0,0.07,0,0.03
2021-01,38.28,50.12,2.82,6.4,0.85,1.23,0,0.01,0.11,0,0,0,0.09,0,0.07,0,0.03
2021-02,40.63,47.69,2.99,6.21,0.87,1.28,0,0.01,0.13,0,0,0,0.07,0,0.08,0,0.03
2021-03,43.15,45.26,3.18,5.81,0.93,1.34,0,0.01,0.12,0,0,0,0.07,0,0.1,0,0.03
2021-04,43.43,44.81,3.19,5.73,0.95,1.56,0,0.01,0.11,0,0,0,0.07,0,0.1,0,0.03
2021-05,43.69,44.51,3.13,5.58,0.88,1.88,0,0.01,0.11,0,0,0,0.07,0,0.12,0,0.03
2021-06,43.45,44.3,3.01,5.65,0.97,2.25,0,0.01,0.13,0,0,0,0.07,0,0.12,0,0.03
2021-07,42.14,45.37,2.8,5.98,0.92,2.45,0,0.01,0.12,0,0,0,0.07,0,0.11,0,0.03
2021-08,42.4,46.49,2.8,5.75,0.89,1.35,0,0.01,0.11,0,0,0,0.05,0,0.13,0,0.03
2021-09,43.68,45.26,2.82,5.63,0.85,1.39,0,0,0.12,0,0,0,0.07,0,0.14,0,0.03
2021-10,43.52,45.12,2.63,6.03,0.85,1.52,0,0,0.13,0,0,0,0.05,0,0.14,0,0
2021-11,43.43,44.92,2.6,6.1,0.84,1.79,0,0,0.1,0,0,0,0.05,0,0.15,0,0
2021-12,39.66,44.66,2.27,6.41,0.86,5.85,0,0,0.11,0,0,0,0.06,0,0.11,0,0
2022-01,38.23,49.29,2.21,6.69,0.82,2.46,0,0,0.12,0,0,0,0.06,0,0.11,0,0.01
2022-02,33.39,56.31,1.91,5.77,0.74,1.57,0,0,0.12,0,0,0,0.05,0,0.13,0,0.01
2022-03,35.88,52.9,2.1,6.15,0.85,1.75,0,0.01,0.13,0,0,0,0.05,0,0.18,0,0.02
2022-04,35.53,52.05,2.16,6.82,0.93,2.16,0,0.01,0.12,0,0,0,0.05,0,0.15,0,0.02
2022-05,39.19,48.73,2.38,6.57,0.91,1.86,0,0,0.11,0,0,0,0.04,0,0.19,0,0.02
2022-06,39.56,48.01,2.43,6.64,0.95,2.03,0,0,0.11,0,0,0,0.04,0,0.2,0,0.02
2022-07,38.17,48.94,2.31,6.9,0.95,2.35,0,0,0.12,0,0,0,0.05,0,0.16,0,0.03
2022-08,39.02,47.56,2.42,7.06,0.94,2.55,0,0,0.11,0,0,0,0.04,0,0.25,0,0.02
2022-09,41.08,45.56,2.56,7.35,0.92,2.06,0,0,0.12,0,0,0,0.04,0,0.26,0,0.02
2022-10,41.72,45.35,2.6,7.66,0.89,1.31,0,0,0.12,0,0,0,0.04,0,0.28,0,0.03
2022-11,37.92,49.3,2,7.97,0.95,1.44,0,0,0.16,0,0,0,0.04,0,0.19,0,0.03
2022-12,35.12,51.72,1.83,8.41,0.94,1.6,0,0,0.16,0,0,0,0.05,0,0.13,0,0.03
2023-01,35.69,50.76,1.82,8.67,0.93,1.75,0,0,0.16,0,0,0,0.05,0,0.11,0,0.04
2023-02,34.44,51.69,1.82,8.71,0.92,1.98,0,0,0.17,0,0,0,0.05,0,0.17,0,0.04
2023-03,33.71,52.02,1.77,8.51,0.87,2.7,0,0,0.15,0,0,0,0.03,0,0.22,0,0.03
2023-04,35.96,44.66,1.91,8.86,1.11,7,0,0,0.18,0,0,0,0.04,0,0.24,0,0.03
2023-05,37.26,42.42,2.06,8.64,1.11,8,0,0,0.17,0,0,0,0.03,0,0.25,0,0.06
2023-06,36.57,49.36,2.01,8.66,1.11,1.73,0,0,0.18,0,0,0,0.04,0,0.25,0,0.08
2023-07,35.24,50.51,1.91,8.72,1.1,1.98,0,0,0.21,0,0,0,0.05,0,0.18,0,0.09
2023-08,36.81,48.91,1.95,8.36,1.21,2.2,0,0,0.18,0,0,0,0.04,0,0.25,0,0.09
2023-09,39.09,46.19,2.11,8.61,1.19,2.34,0,0,0.14,0,0,0,0.03,0,0.23,0,0.07
2023-10,40.66,44.93,2.09,8.93,1.16,1.83,0,0,0.11,0,0,0,0.02,0,0.2,0,0.05
2023-11,40.93,45.29,2.02,8.71,1.18,1.51,0,0,0.1,0,0,0,0.02,0,0.18,0,0.04
2023-12,39.1,46.63,1.85,9.09,1.27,1.73,0,0,0.12,0,0,0,0.02,0,0.13,0,0.06
2024-01,39.03,46.8,1.84,8.95,1.25,1.81,0,0,0.11,0,0,0,0.03,0,0.1,0,0.07
2024-02,38.08,47.67,1.91,8.87,1.3,1.82,0,0,0.11,0,0,0,0.03,0,0.15,0,0.06
2024-03,35.93,50.17,1.84,8.59,1.3,1.81,0,0,0.12,0,0,0,0.02,0,0.18,0,0.05
2024-04,39.21,46.41,1.99,9.08,1.41,1.47,0,0,0.12,0,0,0,0.02,0,0.23,0,0.05
2024-05,43.02,43.32,2.04,8.55,1.41,1.3,0,0,0.1,0,0,0,0.02,0,0.19,0,0.05
2024-06,42.27,44.16,2.02,8.39,1.35,1.46,0,0,0.1,0,0,0,0.02,0,0.17,0,0.05
2024-07,39.88,46.25,2.1,8.35,1.37,1.72,0,0,0.1,0,0,0,0.02,0,0.15,0,0.05
2024-08,40.97,44.65,2.11,8.84,1.46,1.58,0,0,0.1,0,0,0,0.02,0,0.22,0,0.05
2024-09,41.22,44.58,2.29,8.89,1.47,1.18,0,0,0.1,0,0,0,0.02,0,0.22,0,0.04
2024-10,39.93,45.43,2.28,9.61,1.34,1.03,0,0,0.09,0,0,0,0.02,0,0.24,0,0.04
2024-11,32.46,55.89,1.83,7.43,1.13,0.96,0,0,0.09,0,0,0,0.01,0,0.16,0,0.04
2024-12,30.12,57.94,1.78,7.67,1.1,1.13,0,0,0.09,0,0,0,0.02,0,0.12,0,0.04
2025-01,31.63,55.48,1.9,8.22,1.15,1.34,0,0,0.09,0,0,0,0.02,0,0.12,0,0.04
2025-02,33.71,52.44,2.01,8.64,1.29,1.63,0,0,0.09,0,0,0,0.01,0,0.14,0,0.03
2025-03,34.38,51.77,1.77,8.38,1.33,1.57,0,0,0.09,0,0,0,0.01,0,0.16,0.5,0.03
2025-04,33.85,51.24,1.66,8.83,1.33,1.69,0,0,0.08,0,0,0,0.02,0,0.17,1.09,0.03
2025-05,24.3,64.66,1.16,6.52,0.92,1.33,0,0,0.06,0,0,0,0.01,0,0.13,0.88,0.02
2025-06,18.76,72.11,0.94,4.69,0.82,1.29,0,0,0.05,0,0,0,0.01,0,0.09,1.21,0.02
2025-07,35.79,46.1,2.05,8.57,1.64,2.75,0,0,0.08,0,0,0,0.02,0,0.13,2.83,0.03
2025-08,44.42,38.65,2.12,7.35,1.5,2.62,0,0,0.07,0,0,0,0.01,0,0.14,3.1,0.03
2025-09,56.81,29.98,2.06,6.33,1.07,2.08,0,0,0.06,0,0,0,0.01,0,0.1,1.49,0.02
2025-10,47.97,26.36,16.76,4.86,0.91,1.94,0,0,0.04,0,0,0,0.01,0,0.08,1.06,0.01
2025-11,57.43,29.43,1.83,5.73,1.12,2.77,0,0,0.06,0,0,0,0.01,0,0.1,1.49,0.01
2025-12,52.27,32.83,2.71,5.97,1.73,3.14,0,0,0.06,0,0,0,0.02,0,0.07,1.19,0.02
2026-01,63.09,23.44,1.48,5.33,2.53,2.98,0,0,0.05,0,0,0,0.02,0,0.06,1,0.03
2026-02,57.4,27.03,1.1,6.92,1.67,4.32,0,0,0.06,0,0,0,0.02,0,0.11,1.34,0.02
2026-03,42.01,38.91,1.11,9.14,1.42,5.66,0,0,0.06,0,0,0,0.02,0,0.18,1.48,0
2026-04,39.96,41.69,1.01,9.28,1.28,5.54,0,0,0.01,0,0,0,0.02,0,0.14,1.06,0.02
