"Date","Windows","Android","iOS","Unknown","Series 40","OS X","SymbianOS","BlackBerry OS","Linux","Nokia Unknown","Samsung","Sony Ericsson","LG","Tizen","Chrome OS","macOS","Playstation","bada","Other"
2009-01,97.65,0,0.04,0.61,0,0.5,0.98,0,0.21,0,0,0,0,0,0,0,0.01,0,0.01
2009-02,97.74,0,0.04,0.48,0,0.55,0.93,0,0.23,0,0,0,0,0,0,0,0.01,0,0.01
2009-03,97.58,0,0.07,0.5,0,0.56,1.03,0,0.25,0,0,0,0,0,0,0,0.01,0,0.01
2009-04,97.38,0,0.08,0.47,0,0.59,1.17,0,0.28,0,0,0,0,0,0,0,0.01,0,0.01
2009-05,97.24,0,0.06,0.5,0,0.62,1.16,0,0.37,0,0,0,0,0,0,0,0.01,0,0.04
2009-06,97,0,0.06,0.54,0,0.64,1.32,0,0.38,0,0,0,0,0,0,0,0.01,0,0.05
2009-07,96.85,0,0.07,1.07,0,0.66,0.86,0,0.36,0,0.03,0.04,0,0,0,0,0.01,0,0.04
2009-08,96.66,0,0.08,0.35,0,0.7,1.49,0.01,0.36,0,0.14,0.18,0,0,0,0,0.01,0,0.03
2009-09,95.73,0,0.09,0.56,0,0.69,2.02,0.02,0.35,0,0.25,0.26,0.01,0,0,0,0.01,0,0.02
2009-10,95.12,0,0.1,0.57,0,0.72,2.52,0.03,0.36,0,0.24,0.31,0.01,0,0,0,0.01,0,0.02
2009-11,95.55,0,0.11,0.5,0,0.76,2.19,0.04,0.37,0,0.2,0.24,0.01,0,0,0,0.01,0,0.01
2009-12,96.56,0,0.09,0.41,0,0.74,1.54,0.02,0.31,0,0.12,0.19,0,0,0,0,0.01,0,0.01
2010-01,95.96,0,0.09,0.38,0,0.85,1.97,0.01,0.34,0,0.12,0.25,0,0,0,0,0.01,0,0.01
2010-02,95.28,0.01,0.11,0.27,0,0.96,2.53,0.02,0.38,0,0.14,0.3,0.01,0,0,0,0.01,0,0.01
2010-03,93.45,0.01,0.11,0.34,0,1.08,4.01,0.02,0.4,0,0.14,0.41,0.01,0,0,0,0.01,0,0.01
2010-04,92.63,0.01,0.11,0.47,0,1.08,4.61,0.03,0.4,0,0.15,0.47,0.01,0,0,0,0.01,0,0.01
2010-05,93.39,0.01,0.12,0.5,0,1.11,3.86,0.03,0.42,0,0.16,0.37,0,0,0,0,0.01,0,0.01
2010-06,94.86,0.01,0.14,0.43,0,1.12,2.54,0.03,0.42,0,0.18,0.24,0,0,0,0,0.02,0,0.01
2010-07,94.84,0.02,0.16,0.49,0,1.14,2.45,0.04,0.41,0,0.2,0.21,0.01,0,0,0,0.02,0,0.01
2010-08,94.51,0.03,0.2,0.41,0,1.23,2.65,0.05,0.44,0,0.22,0.23,0.01,0,0,0,0.02,0,0
2010-09,93.53,0.04,0.21,0.48,0,1.21,3.53,0.06,0.42,0,0.22,0.26,0.01,0,0,0,0.02,0,0
2010-10,92.41,0.05,0.24,0.63,0,1.26,4.35,0.08,0.43,0,0.23,0.29,0.01,0,0,0,0.01,0,0
2010-11,92.26,0.06,0.26,0.61,0,1.3,4.4,0.09,0.43,0,0.26,0.29,0.01,0,0,0,0.01,0,0.01
2010-12,91.69,0.08,0.31,0.65,0,1.27,4.75,0.11,0.42,0,0.35,0.32,0.02,0,0,0,0.02,0,0.02
2011-01,91.64,0.1,0.36,0.68,0,1.44,4.62,0.1,0.43,0,0.3,0.28,0.02,0,0,0,0.02,0,0.02
2011-02,91.89,0.12,0.35,0.63,0,1.38,4.53,0.1,0.43,0,0.29,0.24,0.01,0,0,0,0.01,0,0.02
2011-03,91.98,0.14,0.36,0.61,0,1.39,4.41,0.1,0.44,0,0.29,0.23,0.01,0,0,0,0.01,0,0.01
2011-04,91.3,0.17,0.4,0.68,0,1.31,5,0.12,0.41,0,0.32,0.25,0.02,0,0,0,0.01,0,0.02
2011-05,91.27,0.21,0.45,0.64,0,1.37,4.9,0.13,0.44,0,0.32,0.22,0.01,0,0,0,0.01,0.01,0.02
2011-06,90.81,0.25,0.5,0.68,0,1.41,5.13,0.14,0.46,0,0.33,0.23,0.02,0,0,0,0.01,0.02,0.02
2011-07,89.93,0.31,0.58,0.78,0,1.41,5.73,0.16,0.44,0,0.37,0.24,0.02,0,0,0,0.02,0.02,0.02
2011-08,88.15,0.4,0.7,0.88,0,1.65,6.77,0.18,0.48,0,0.43,0.27,0.02,0,0,0,0.02,0.02,0.02
2011-09,87.64,0.42,0.77,0.97,0,1.65,7.11,0.18,0.47,0,0.44,0.27,0.02,0,0,0,0.02,0.02,0.02
2011-10,86.09,0.51,0.93,1.19,0,1.79,7.86,0.21,0.53,0,0.51,0.28,0.02,0,0,0,0.02,0.02,0.03
2011-11,85.02,0.61,1.05,1.22,0,1.76,8.62,0.24,0.54,0,0.56,0.28,0.03,0,0,0,0.02,0.02,0.03
2011-12,81.1,0.76,1.21,1.5,0,1.58,11.73,0.28,0.49,0,0.85,0.38,0.03,0,0,0,0.02,0.03,0.04
2012-01,77.72,0.9,1.32,1.99,0,1.62,13.6,0.36,0.51,0,1.39,0.44,0.05,0,0,0,0.02,0.03,0.05
2012-02,83.19,0.9,1.36,1.48,0,1.66,9.64,0.23,0.54,0,0.63,0.27,0.03,0,0,0,0.01,0.03,0.03
2012-03,84.08,0.91,1.29,1.68,0,1.52,8.91,0.22,0.52,0,0.56,0.24,0.02,0,0,0,0.01,0.03,0.03
2012-04,82.89,1.06,1.44,1.61,0.76,1.54,8.82,0.25,0.5,0,0.75,0.26,0.03,0,0,0,0.01,0.04,0.04
2012-05,83.85,1.11,1.48,1.43,2.98,1.62,5.88,0.23,0.51,0,0.59,0.22,0.02,0,0,0,0.01,0.04,0.03
2012-06,85.6,1.15,1.45,1.24,3.29,1.48,4.33,0.21,0.46,0,0.5,0.18,0.02,0,0,0,0.01,0.03,0.03
2012-07,85.39,1.38,1.64,1.21,4.07,1.56,3.31,0.21,0.47,0,0.48,0.18,0.02,0,0,0,0.02,0.03,0.03
2012-08,83.7,1.76,1.93,1.32,4.59,1.75,3.4,0.23,0.5,0,0.52,0.18,0.02,0,0,0,0.02,0.04,0.03
2012-09,81.82,2.17,2.21,1.39,5.17,1.87,3.71,0.27,0.5,0,0.57,0.2,0.02,0,0,0,0.02,0.05,0.04
2012-10,81.93,2.42,2.3,1.34,4.77,1.94,3.62,0.26,0.54,0,0.56,0.19,0.02,0,0,0,0.02,0.05,0.04
2012-11,81.45,2.65,2.36,1.44,4.99,1.84,3.52,0.27,0.52,0,0.61,0.21,0.02,0,0,0,0.02,0.05,0.04
2012-12,80.7,2.97,2.41,1.57,5.21,1.69,3.68,0.28,0.48,0,0.64,0.22,0.02,0,0,0,0.02,0.06,0.03
2013-01,80.52,3.29,2.48,1.56,4.96,1.77,3.36,0.65,0.5,0,0.59,0.2,0.02,0,0,0,0.02,0.05,0.03
2013-02,79.49,3.53,2.55,1.54,4.76,1.71,3.09,1.9,0.51,0,0.62,0.18,0.02,0,0,0,0.01,0.06,0.03
2013-03,79.36,3.88,2.71,1.62,4.82,1.65,3.01,1.63,0.49,0,0.55,0.17,0.02,0,0,0,0.02,0.06,0.03
2013-04,78.69,4.26,2.71,1.76,5.06,1.67,3.04,1.49,0.49,0,0.53,0.18,0.02,0,0,0,0.02,0.06,0.03
2013-05,76.87,4.72,2.87,2.04,5.57,1.71,3.13,1.67,0.52,0,0.58,0.2,0.02,0,0,0,0.01,0.06,0.03
2013-06,74.76,5.33,2.97,2.37,6.23,1.73,3.29,1.82,0.51,0,0.63,0.22,0.02,0,0,0,0.02,0.06,0.03
2013-07,71.84,5.97,3.2,2.49,7.8,1.81,2.78,2.23,0.6,0,0.7,0.25,0.21,0,0,0,0.02,0.05,0.02
2013-08,71.51,6.37,3.03,2.51,7.77,1.65,2.7,2.53,0.63,0,0.73,0.26,0.22,0,0,0,0.02,0.06,0.02
2013-09,67.87,6.83,2.96,3.77,9.11,1.71,3.03,2.66,0.57,0,0.89,0.25,0.26,0,0,0,0.01,0.06,0.02
2013-10,52.25,8.46,2.39,8.81,15.46,1.32,4.63,2.97,0.59,0,2.03,0.49,0.49,0,0,0,0.01,0.05,0.03
2013-11,58.24,8.64,2.78,4.56,11.95,1.44,3.53,4.41,0.75,0.21,2.27,0.58,0.53,0,0,0,0.01,0.06,0.02
2013-12,55.13,11.14,3.1,4.87,12.37,1.37,3.48,4.42,0.55,0.28,2.18,0.5,0.5,0,0.01,0,0.01,0.07,0.03
2014-01,57.74,12.14,3.33,4.46,10.39,1.5,2.95,4.26,0.54,0.27,1.58,0.35,0.37,0,0.01,0,0.01,0.07,0.02
2014-02,59.64,12.41,3.32,4.33,9.62,1.48,2.57,3.76,0.54,0.26,1.33,0.3,0.32,0,0.01,0,0.01,0.07,0.02
2014-03,58.5,13.57,3.49,4.45,9.54,1.58,2.52,3.56,0.62,0.28,1.22,0.26,0.28,0,0.01,0,0.02,0.07,0.02
2014-04,57.75,14.52,3.56,4.65,9.56,1.71,2.41,3.12,0.65,0.3,1.15,0.25,0.26,0,0.01,0,0.02,0.06,0.02
2014-05,57.45,15.44,3.74,4.61,9.03,1.71,2.23,3.07,0.77,0.31,1.07,0.22,0.24,0,0.01,0,0.02,0.06,0.02
2014-06,58.53,16.31,3.74,4.41,8,1.61,2,2.87,0.82,0.27,0.94,0.19,0.22,0,0.01,0,0.02,0.05,0.02
2014-07,57.9,17.45,4.44,4.26,7.45,1.92,1.78,2.58,0.7,0.26,0.82,0.16,0.19,0,0.01,0,0.02,0.04,0.02
2014-08,56.17,18.05,3.87,4.59,8.1,2.02,1.91,2.84,0.71,0.29,0.94,0.18,0.23,0,0.01,0,0.02,0.05,0.02
2014-09,55.35,19.32,3.72,3.13,9.06,2.02,1.83,3.04,0.64,0.48,0.91,0.16,0.24,0,0.01,0,0.01,0.05,0.02
2014-10,56.39,19.69,4,3.03,7.95,2.23,1.59,2.69,0.75,0.46,0.77,0.13,0.21,0,0.01,0,0.02,0.05,0.02
2014-11,55.05,20.76,3.89,3.35,8.22,2.22,1.6,2.57,0.65,0.49,0.78,0.13,0.21,0,0.01,0,0.02,0.05,0.02
2014-12,52.2,23.13,4.16,3.8,8.1,1.94,1.63,2.54,0.64,0.58,0.82,0.14,0.21,0,0.01,0,0.02,0.05,0.02
2015-01,54.24,23.03,3.86,3.44,7.2,2.11,1.41,2.43,0.62,0.59,0.69,0.11,0.18,0,0.01,0,0.02,0.04,0.02
2015-02,55.42,23.11,3.72,3.27,6.42,2.36,1.26,2.31,0.62,0.54,0.63,0.1,0.17,0,0.01,0,0.02,0.04,0.01
2015-03,55.31,23.59,3.68,3.24,5.95,2.61,1.14,2.35,0.68,0.54,0.57,0.08,0.16,0,0.02,0,0.02,0.03,0.01
2015-04,54.95,24.12,3.46,3.26,5.9,2.71,1.11,2.31,0.68,0.66,0.54,0.08,0.15,0,0.01,0,0.02,0.03,0.01
2015-05,56.48,23.41,3.16,3.19,5.07,3.03,0.99,2.07,0.67,1.15,0.49,0.08,0.14,0,0.01,0,0.02,0.03,0.01
2015-06,51.43,26.79,3.33,4.86,5.09,1.97,1.09,2.38,0.71,1.6,0.47,0.07,0.14,0,0.01,0,0.02,0.03,0.02
2015-07,48.81,28.68,3.54,5.01,5.23,1.4,1,2.58,1.22,1.72,0.48,0.08,0.15,0,0.01,0,0.02,0.04,0.02
2015-08,37.1,39.52,3.01,5.27,4.77,1.26,0.92,2.79,2.9,1.71,0.45,0.07,0.14,0,0.01,0,0.02,0.03,0.03
2015-09,36.42,42.78,2.68,3.99,4.29,1.4,0.78,2.38,3.05,1.57,0.39,0.06,0.13,0,0.01,0,0.02,0.03,0.03
2015-10,34.15,43.46,2.68,4.72,4.52,1.52,0.82,2.54,3.02,1.82,0.45,0.06,0.15,0,0.01,0,0.02,0.03,0.04
2015-11,38.76,39.35,2.91,4.99,4.39,1.63,0.78,2.28,2.3,1.77,0.5,0.07,0.15,0,0.01,0,0.02,0.03,0.04
2015-12,38.39,40.59,2.87,5.15,4.08,1.52,0.74,2.28,1.84,1.71,0.49,0.06,0.15,0,0.01,0,0.02,0.04,0.05
2016-01,39.08,40.24,2.76,5.2,3.68,1.86,0.69,2.08,2.02,1.61,0.44,0.06,0.15,0,0.01,0,0.02,0.03,0.05
2016-02,39.6,39.93,2.78,5.51,3.62,1.66,0.67,2.16,1.68,1.62,0.44,0.05,0.15,0,0.01,0,0.02,0.03,0.06
2016-03,36.3,43.36,2.76,5.45,3.68,1.64,0.69,2.25,1.42,1.69,0.43,0.05,0.16,0,0.01,0,0.02,0.03,0.06
2016-04,34.51,44.38,2.76,5.78,3.94,1.59,0.72,2.37,1.44,1.8,0.4,0.05,0.14,0,0.01,0,0.02,0.03,0.06
2016-05,35.63,44.85,2.67,5.4,3.44,1.57,0.62,2.17,1.39,1.61,0.36,0.05,0.11,0,0.01,0,0.02,0.03,0.06
2016-06,39.98,42.3,2.73,4.94,2.57,1.82,0.48,1.78,1.63,1.25,0.29,0.05,0.09,0,0.01,0,0.02,0.02,0.04
2016-07,31.77,48.95,2.78,5.49,2.91,1.64,0.52,1.94,2,1.41,0.33,0.04,0.11,0,0.01,0,0.02,0.02,0.04
2016-08,32.77,48.09,2.86,5.68,2.45,1.84,0.45,1.64,2.51,1.21,0.29,0.04,0.1,0,0.01,0,0.02,0.02,0.04
2016-09,30.92,48.78,2.89,6.45,2.61,1.83,0.48,1.64,2.53,1.31,0.31,0.05,0.1,0.01,0.02,0,0.02,0.02,0.04
2016-10,32.9,47.34,3.08,6.58,2.39,1.94,0.45,1.45,2.03,1.27,0.3,0.05,0.09,0.04,0.02,0,0.02,0.02,0.04
2016-11,31.9,49.64,3.12,5.67,2.23,2.01,0.41,1.28,2.01,1.17,0.28,0.05,0.09,0.06,0.02,0,0.02,0.02,0.04
2016-12,29.48,52.48,3.03,5.75,2.04,1.94,0.38,1.08,2.14,1.09,0.26,0.05,0.1,0.09,0.01,0,0.02,0.01,0.03
2017-01,36.5,44.09,3.66,6.64,2.2,2.37,0.4,1.21,1.05,1.2,0.28,0.05,0.1,0.15,0.02,0,0.03,0.01,0.04
2017-02,33.66,46.66,3.37,7.13,2.2,2.29,0.42,1.63,0.82,1.18,0.24,0.05,0.09,0.16,0.02,0,0.02,0.01,0.03
2017-03,35.06,43.48,4.22,8.36,2.07,2.64,0.42,1.11,0.78,1.1,0.26,0.06,0.14,0.2,0.02,0,0.03,0.01,0.04
2017-04,34.44,44.15,4.27,8.9,1.94,2.4,0.39,1.04,0.72,1.01,0.24,0.06,0.14,0.21,0.02,0,0.03,0.01,0.04
2017-05,36.53,43.69,4.29,7.98,1.72,2.4,0.33,0.89,0.6,0.88,0.21,0.06,0.12,0.2,0.03,0,0.02,0.01,0.04
2017-06,31.7,48.1,5.65,7.74,1.57,1.98,0.31,0.82,0.58,0.85,0.2,0.06,0.11,0.23,0.02,0,0.03,0.01,0.03
2017-07,29.5,49.04,4.94,9.2,1.77,2.04,0.34,0.87,0.6,0.93,0.21,0.06,0.14,0.26,0.02,0,0.03,0.01,0.04
2017-08,30.54,48.57,4.41,8.65,1.8,2.34,0.34,0.92,0.66,0.96,0.22,0.07,0.11,0.3,0.03,0,0.03,0.01,0.04
2017-09,27.7,50.64,3.97,10.16,1.67,2.31,0.34,0.85,0.64,0.87,0.2,0.08,0.14,0.33,0.03,0,0.03,0.01,0.04
2017-10,29.05,49.11,4.03,9.68,1.78,2.74,0.34,0.82,0.66,0.9,0.21,0.08,0.13,0.35,0.03,0,0.03,0.01,0.04
2017-11,30.37,47.32,4.2,10.02,1.67,3.03,0.31,0.75,0.66,0.76,0.21,0.09,0.14,0.35,0.04,0,0.03,0.01,0.03
2017-12,28.97,49.29,4.34,10.1,1.48,2.78,0.3,0.63,0.61,0.62,0.19,0.09,0.14,0.34,0.03,0,0.04,0.01,0.03
2018-01,30.22,49.05,4.68,9.03,1.33,2.94,0.25,0.52,0.62,0.55,0.16,0.1,0.11,0.33,0.03,0,0.04,0.01,0.03
2018-02,31.33,48.27,4.95,8.37,1.19,3.21,0.25,0.46,0.67,0.52,0.15,0.12,0.09,0.32,0.03,0,0.04,0.01,0.03
2018-03,29.5,50.56,4.75,8.75,1.07,2.85,0.23,0.4,0.63,0.48,0.14,0.12,0.1,0.31,0.03,0,0.03,0.01,0.02
2018-04,29.41,50.69,4.79,8.48,1.13,3.01,0.24,0.37,0.64,0.47,0.14,0.11,0.09,0.34,0.03,0,0.03,0.01,0.02
2018-05,30.39,50.87,5.02,7.27,1,3.23,0.19,0.33,0.56,0.41,0.12,0.08,0.08,0.34,0.03,0,0.03,0.01,0.02
2018-06,31.3,51.64,4.99,6.21,0.82,2.99,0.22,0.29,0.56,0.34,0.12,0.08,0.08,0.28,0.03,0,0.04,0,0.02
2018-07,31.19,51.38,5.37,6.06,0.75,3.29,0.18,0.28,0.55,0.33,0.11,0.08,0.06,0.27,0.03,0,0.04,0,0.02
2018-08,30.11,51.93,5.41,6.46,0.8,3.18,0.2,0.33,0.58,0.36,0.11,0.08,0.07,0.29,0.04,0,0.04,0,0.02
2018-09,30.97,52.08,5.56,5.11,0.71,3.66,0.17,0.3,0.61,0.29,0.1,0.06,0.04,0.26,0.04,0,0.03,0,0.02
2018-10,33.38,48.74,5.68,5.7,0.6,4.07,0.14,0.27,0.61,0.27,0.1,0.04,0.03,0.27,0.04,0,0.04,0,0.02
2018-11,32.7,44.38,6.18,10.3,0.6,4.04,0.15,0.26,0.63,0.26,0.1,0.05,0.03,0.23,0.04,0,0.03,0,0.02
2018-12,33.62,46.21,5.84,7.95,0.56,3.81,0.14,0.22,0.7,0.23,0.09,0.05,0.03,0.21,0.27,0,0.04,0,0.02
2019-01,30.81,48.4,6.17,8.93,0.51,3.63,0.13,0.19,0.57,0.21,0.09,0.06,0.03,0.19,0.03,0,0.04,0,0.02
2019-02,32.73,45.69,6.06,9.18,0.49,4.3,0.13,0.17,0.58,0.19,0.09,0.07,0.03,0.19,0.04,0,0.03,0,0.01
2019-03,34.75,48.13,5.48,5.02,0.43,4.71,0.12,0.16,0.6,0.18,0.09,0.06,0.03,0.17,0.04,0,0.03,0,0.02
2019-04,39.29,43.3,5.71,4.83,0.38,5.14,0.11,0.12,0.56,0.16,0.08,0.05,0.02,0.15,0.03,0,0.03,0,0.02
2019-05,33.95,47.41,6.66,5.68,0.38,4.6,0.11,0.12,0.55,0.16,0.08,0.05,0.02,0.15,0.04,0,0.02,0,0.02
2019-06,32.83,47.23,8.34,6.12,0.31,3.99,0.1,0.11,0.48,0.14,0.07,0.05,0.02,0.12,0.04,0,0.02,0,0.03
2019-07,30.76,47.85,10.21,6.39,0.31,3.42,0.08,0.1,0.49,0.13,0.06,0,0.02,0.12,0.03,0,0.02,0,0.02
2019-08,28.66,50.56,10.46,5.87,0.32,3,0.06,0.09,0.55,0.14,0.06,0,0.02,0.13,0.03,0,0.02,0,0.02
2019-09,29.72,51.37,9.02,4.76,0.32,3.6,0.06,0.07,0.68,0.14,0.06,0,0.02,0.11,0.03,0,0.02,0,0.02
2019-10,30.93,52.41,5.81,4.9,0.34,4.38,0.06,0.07,0.68,0.14,0.07,0,0.02,0.11,0.03,0,0.02,0,0.02
2019-11,31.15,50.8,8.25,4.31,0.28,4.13,0.05,0.06,0.56,0.13,0.07,0,0.02,0.1,0.03,0,0.02,0,0.02
2019-12,31.25,51.16,7.4,4.56,0.29,4.22,0.05,0.06,0.6,0.14,0.08,0,0.02,0.1,0.03,0,0.03,0,0.02
2020-01,30.96,52.14,7.48,3.79,0.24,4.31,0.04,0.05,0.61,0.12,0.07,0,0.01,0.1,0.03,0,0.02,0,0.02
2020-02,32.92,50.94,7.65,2.69,0.12,4.72,0.02,0.04,0.63,0.06,0.05,0,0.01,0.07,0.04,0,0.02,0,0.02
2020-03,32.65,51.7,8.6,1.79,0.02,4.54,0.01,0.03,0.52,0,0.03,0,0,0.05,0.03,0,0.02,0,0.02
2020-04,29.05,55.16,8.91,2.26,0.05,3.86,0.01,0.03,0.45,0.03,0.04,0,0,0.05,0.04,0,0.03,0,0.03
2020-05,30.47,53.53,8.15,2.75,0.08,4.21,0.01,0.03,0.53,0.05,0.04,0,0,0.05,0.05,0,0.03,0,0.02
2020-06,32.25,51.59,7.7,2.94,0.08,4.62,0.01,0.03,0.53,0.05,0.05,0,0,0.05,0.05,0,0.02,0,0.02
2020-07,31.14,52.48,7.02,3.78,0.11,4.63,0.01,0.03,0.52,0.06,0.06,0,0.01,0.06,0.05,0,0.02,0,0.02
2020-08,29.68,54.27,6.89,4.02,0.11,4.18,0.02,0.03,0.52,0.06,0.06,0,0.01,0.06,0.04,0,0.03,0,0.02
2020-09,31.15,53.51,6.52,3.39,0.11,4.5,0.01,0.03,0.51,0.06,0.06,0,0.01,0.05,0.04,0,0.02,0,0.02
2020-10,31.19,53.01,6.79,3.54,0.1,4.56,0.01,0.02,0.51,0.05,0.06,0,0.01,0.06,0.05,0,0.02,0,0.02
2020-11,22.88,61.65,7.85,4.62,0.12,1.98,0.01,0.02,0.56,0.06,0.08,0,0.01,0.06,0.05,0,0.02,0,0.03
2020-12,22.88,61.14,9.43,3.81,0.1,1.8,0.01,0.02,0.49,0.06,0.11,0,0.01,0.04,0.04,0,0.03,0,0.03
2021-01,27.5,55.5,10.09,3.43,0.08,2.63,0.01,0.02,0.48,0.04,0.09,0,0,0.03,0.04,0,0.02,0,0.02
2021-02,27.87,53.46,12.04,3.63,0.09,2.12,0.01,0.02,0.52,0.04,0.1,0,0,0.03,0.05,0,0.02,0,0.02
2021-03,22.06,57.21,14.07,3.97,0.08,1.82,0.01,0.01,0.5,0.04,0.1,0,0,0.03,0.05,0,0.02,0,0.02
2021-04,22.67,55.98,14.17,4.41,0.07,1.79,0.01,0.02,0.53,0.04,0.16,0,0,0.03,0.05,0,0.03,0,0.03
2021-05,19.17,60.24,12.45,5.54,0.07,1.72,0.01,0.02,0.5,0.04,0.09,0,0,0.04,0.06,0,0.02,0,0.03
2021-06,18.25,62.04,11.2,5.99,0.06,1.6,0.01,0.01,0.55,0.03,0.1,0,0,0.03,0.05,0,0.02,0,0.03
2021-07,22.99,56.23,11.58,6.5,0.07,1.79,0.01,0.01,0.53,0.04,0.11,0,0,0.03,0.05,0,0.03,0,0.04
2021-08,23.38,57.96,11.89,4.25,0.06,1.71,0.01,0.01,0.46,0.04,0.09,0,0,0.03,0.05,0,0.02,0,0.04
2021-09,23.83,58.08,11.22,4.34,0.06,1.7,0.01,0.01,0.44,0.03,0.11,0,0,0.03,0.05,0,0.04,0,0.04
2021-10,24.09,57.6,10.75,5.11,0.05,1.64,0.01,0.01,0.45,0.03,0.12,0,0,0.04,0.06,0,0.02,0,0.02
2021-11,26.47,55.67,10.27,5.15,0.04,1.65,0.01,0.01,0.45,0.02,0.11,0,0,0.03,0.07,0,0.02,0,0.02
2021-12,27.04,54.25,10.7,5.6,0.04,1.6,0.01,0.01,0.44,0.02,0.13,0,0,0.03,0.07,0,0.03,0,0.02
2022-01,32.45,51.45,10.3,3.61,0.04,1.44,0,0.01,0.41,0.02,0.14,0,0,0.02,0.05,0,0.03,0,0.02
2022-02,32.24,53.1,9.62,3.09,0.03,1.3,0,0.01,0.37,0.02,0.12,0,0,0.02,0.05,0,0.02,0,0.02
2022-03,35.49,49.94,8.96,3.67,0.03,1.26,0,0.01,0.38,0.02,0.11,0,0,0.02,0.06,0,0.02,0,0.02
2022-04,28.55,54.4,9.76,5.2,0.05,1.26,0.01,0.01,0.45,0.03,0.13,0,0,0.02,0.08,0,0.02,0,0.03
2022-05,18.81,62.66,10.74,5.35,0.05,1.45,0.01,0.01,0.55,0.03,0.16,0,0,0.03,0.1,0,0.03,0,0.03
2022-06,17.5,65.81,9.5,4.95,0.05,1.36,0.01,0.01,0.52,0.03,0.14,0,0,0.02,0.08,0,0.02,0,0.02
2022-07,18.74,62.03,10.45,6.23,0.06,1.57,0.01,0.01,0.57,0.03,0.13,0,0,0.02,0.09,0,0.03,0,0.03
2022-08,18.4,62.43,10.1,6.69,0.05,1.44,0.01,0.01,0.55,0.04,0.13,0,0,0.02,0.09,0,0.02,0,0.03
2022-09,18.83,62.17,9.96,6.59,0.05,1.46,0.01,0.01,0.57,0.04,0.14,0,0,0.02,0.1,0,0.03,0,0.03
2022-10,19.37,62.74,10.08,5.3,0.05,1.56,0,0.01,0.57,0.04,0.12,0,0,0.02,0.1,0,0.02,0,0.03
2022-11,19.84,62.14,10.64,4.99,0.04,1.44,0,0.01,0.58,0.03,0.12,0,0,0.02,0.1,0,0.02,0,0.04
2022-12,18.87,62.78,10.75,5.19,0.04,1.39,0,0.01,0.6,0.03,0.13,0,0,0.02,0.1,0,0.02,0,0.09
2023-01,18.11,62.86,10.81,5.8,0.04,1.42,0,0.01,0.58,0.02,0.12,0,0,0.02,0.1,0,0.02,0,0.09
2023-02,14.82,69.11,8.91,5.17,0.03,1.1,0,0.01,0.49,0.02,0.16,0,0,0.01,0.08,0,0.01,0,0.08
2023-03,18.45,59.89,11.08,8.02,0.05,1.52,0,0.01,0.57,0.03,0.13,0,0,0.02,0.1,0,0.02,0,0.1
2023-04,17.41,57.09,11.4,11.54,0.05,1.43,0,0.01,0.67,0.03,0.13,0,0,0.02,0.1,0,0.02,0,0.1
2023-05,17.02,60.27,10.31,10.04,0.04,1.3,0,0.01,0.64,0.02,0.13,0,0,0.02,0.1,0,0.01,0,0.08
2023-06,14.69,68.94,9.23,4.94,0.03,1.17,0,0,0.64,0.02,0.15,0,0,0.02,0.1,0,0.01,0,0.07
2023-07,16.37,63.99,10.87,6.26,0.04,1.34,0,0.01,0.76,0.02,0.12,0,0,0.02,0.1,0,0.01,0,0.09
2023-08,15.93,63.69,10.82,7.17,0.04,1.25,0,0.01,0.73,0.02,0.11,0,0,0.02,0.1,0,0.01,0,0.09
2023-09,16.22,62.99,10.9,7.46,0.03,1.25,0,0,0.8,0.02,0.1,0,0,0.01,0.11,0,0.01,0,0.09
2023-10,16.62,63.58,10.56,6.75,0.03,1.31,0,0,0.8,0.02,0.09,0,0,0.01,0.11,0,0.01,0,0.09
2023-11,17.71,63.9,10.09,5.56,0.03,1.66,0,0,0.73,0.02,0.09,0,0,0.01,0.11,0,0.01,0,0.08
2023-12,18.23,63.47,9.55,6.31,0.03,1.41,0,0,0.68,0.02,0.09,0,0,0.01,0.1,0,0.01,0,0.09
2024-01,17.99,63.31,9.65,6.66,0.03,1.42,0,0,0.62,0.02,0.1,0,0,0.01,0.08,0,0.01,0,0.08
2024-02,13,71.32,8.03,5.8,0.02,0.96,0,0,0.55,0.01,0.15,0,0,0.01,0.07,0,0.01,0,0.06
2024-03,14.23,66.08,9.74,7.89,0.03,1.06,0,0.01,0.65,0.02,0.08,0,0,0.01,0.09,0,0.01,0,0.09
2024-04,14.07,67.01,9.86,7.01,0.03,1.07,0,0,0.64,0.02,0.09,0,0,0.01,0.09,0,0.01,0,0.1
2024-05,14.59,67.44,9.53,6.38,0.03,1.08,0,0,0.65,0.02,0.09,0,0,0.01,0.09,0,0.01,0,0.08
2024-06,15.11,69.24,8.68,5.04,0.02,0.96,0,0,0.62,0.01,0.11,0,0,0.01,0.12,0,0.01,0,0.06
2024-07,17.89,64.97,9.25,5.68,0.02,1.14,0,0,0.7,0.01,0.1,0,0,0.01,0.15,0,0.01,0,0.07
2024-08,16.19,65.9,9.6,6.18,0.02,1.15,0,0,0.65,0.01,0.08,0,0,0.01,0.12,0,0.01,0,0.07
2024-09,16.1,65.55,9.87,6.31,0.01,1.19,0,0,0.64,0.01,0.09,0,0,0.01,0.14,0,0.01,0,0.07
2024-10,15.91,63.91,10.97,7.01,0.01,1.23,0,0,0.65,0.01,0.1,0,0,0.01,0.12,0,0.01,0,0.07
2024-11,15.76,64.78,10.19,7.06,0.01,1.22,0,0,0.65,0.01,0.1,0,0,0.01,0.14,0,0.01,0,0.07
2024-12,14.98,65.37,10,7.48,0.01,1.12,0,0,0.69,0.01,0.12,0,0,0.01,0.13,0,0.01,0,0.07
2025-01,14.06,65.41,10.46,7.94,0.01,1.15,0,0,0.66,0.01,0.1,0,0,0.01,0.12,0,0.01,0,0.06
2025-02,13.47,66.09,10.23,8.37,0.01,0.96,0,0,0.61,0.01,0.08,0,0,0.01,0.1,0,0.01,0,0.05
2025-03,12.96,65.94,10.99,7.98,0.01,0.94,0,0,0.69,0.01,0.1,0,0,0,0.1,0.22,0.01,0,0.05
2025-04,15.27,64.21,10.62,7.13,0.01,0.9,0,0,0.88,0.01,0.13,0,0,0,0.09,0.7,0.01,0,0.04
2025-05,13.95,66.97,9.45,6.92,0.01,0.85,0,0,0.81,0.01,0.09,0,0,0,0.09,0.81,0.01,0,0.03
2025-06,11.33,71.15,8.14,6.65,0.01,0.78,0,0,0.69,0.01,0.1,0,0,0,0.07,1.03,0.01,0,0.03
2025-07,15.34,61.55,10.19,9.27,0.01,1.08,0,0,0.88,0.01,0.1,0,0,0.01,0.09,1.41,0.01,0,0.04
2025-08,15.84,60.24,10.07,10.33,0.01,0.97,0,0,0.9,0.01,0.13,0,0,0.01,0.1,1.34,0.01,0,0.03
2025-09,19.23,56.93,9.72,10.6,0.01,1.08,0,0,0.96,0.01,0.12,0,0,0.01,0.1,1.2,0.01,0,0.03
2025-10,18.07,56.07,10.21,11.02,0.01,2.4,0,0,1.03,0.01,0.1,0,0,0.01,0.09,0.95,0.01,0,0.02
2025-11,21.1,54.8,9.65,11.52,0.01,0.85,0,0,0.95,0.01,0.1,0,0,0,0.09,0.88,0.01,0,0.02
2025-12,21.53,53.17,9.71,12.34,0.01,0.88,0,0,1.31,0.01,0.11,0,0,0,0.09,0.82,0.01,0,0.02
2026-01,28.09,48.05,8.99,11.2,0.01,1.01,0,0,1.68,0.01,0.11,0,0,0,0.07,0.76,0.01,0,0.02
2026-02,25.93,50.69,8.72,12.05,0,0.7,0,0,0.94,0,0.1,0,0,0,0.08,0.76,0.01,0,0.01
2026-03,17.31,53.85,11.08,14.88,0,0.83,0,0,0.92,0,0.08,0,0,0,0.1,0.93,0.01,0,0.01
2026-04,18.94,51.81,10.81,15.79,0,0.78,0,0,0.93,0,0.02,0,0,0,0.09,0.8,0.01,0,0.01
